Building 25 makes x 12 years -> cars.db
Toyota 2015: 23 models
    4Runner 2WD 2015: 1 trims
    4Runner 4WD 2015: 2 trims
    Avalon 2015: 1 trims
    Avalon Hybrid 2015: 1 trims
    Camry 2015: 2 trims
    Camry Hybrid LE 2015: 1 trims
    Camry Hybrid XLE/SE 2015: 1 trims
    Corolla 2015: 4 trims
    Corolla LE Eco 2015: 2 trims
    Highlander 2WD 2015: 2 trims
    Highlander AWD 2015: 1 trims
    Highlander Hybrid AWD 2015: 1 trims
    Highlander Hybrid AWD LE Plus 2015: 1 trims
    Land Cruiser Wagon 4WD 2015: 1 trims
    Prius 2015: 1 trims
    Prius c 2015: 1 trims
    Prius Plug-in Hybrid 2015: 1 trims
    Prius v 2015: 1 trims
    RAV4 2015: 1 trims
    RAV4 AWD 2015: 1 trims
    RAV4 LE/XLE 2015: 1 trims
    RAV4 Limited AWD 2015: 1 trims
    Sequoia 2WD 2015: 1 trims
    Sequoia 4WD 2015: 1 trims
    Sequoia 4WD FFV 2015: 1 trims
    Sienna 2WD 2015: 1 trims
    Sienna AWD 2015: 1 trims
    Tacoma 2WD 2015: 4 trims
    Tacoma 4WD 2015: 4 trims
    Tundra 2WD 2015: 2 trims
    Tundra 4WD 2015: 2 trims
    Tundra 4WD FFV 2015: 1 trims
    Venza 2015: 2 trims
    Venza 4WD 2015: 2 trims
    Yaris 2015: 2 trims
Toyota 2016: 24 models
    4Runner 2WD 2016: 1 trims
    4Runner 4WD 2016: 2 trims
    Avalon 2016: 1 trims
    Avalon Hybrid 2016: 1 trims
    Camry 2016: 2 trims
    Camry Hybrid LE 2016: 1 trims
    Camry Hybrid XLE/SE 2016: 1 trims
    Corolla 2016: 4 trims
    Corolla LE Eco 2016: 2 trims
    Highlander 2WD 2016: 2 trims
    Highlander AWD 2016: 1 trims
    Highlander Hybrid AWD 2016: 1 trims
    Highlander Hybrid AWD LE Plus 2016: 1 trims
    Land Cruiser Wagon 4WD 2016: 1 trims
    Mirai 2016: 1 trims
    Prius 2016: 1 trims
    Prius c 2016: 1 trims
    Prius Eco 2016: 1 trims
    Prius v 2016: 1 trims
    RAV4 2016: 1 trims
    RAV4 AWD 2016: 1 trims
    RAV4 Hybrid AWD 2016: 1 trims
    RAV4 LE/XLE 2016: 1 trims
    RAV4 Limited AWD/SE AWD 2016: 1 trims
    Sequoia 2WD 2016: 1 trims
    Sequoia 4WD 2016: 1 trims
    Sequoia 4WD FFV 2016: 1 trims
    Sienna 2WD 2016: 1 trims
    Sienna AWD 2016: 1 trims
    Tacoma 2WD 2016: 2 trims
    Tacoma 4WD 2016: 4 trims
    Tacoma 4WD Double Cab 2016: 1 trims
    Tundra 2WD 2016: 2 trims
    Tundra 2WD FFV 2016: 1 trims
    Tundra 4WD 2016: 2 trims
    Tundra 4WD FFV 2016: 1 trims
    Yaris 2016: 2 trims
Toyota 2017: 24 models
    4Runner 2WD 2017: 1 trims
    4Runner 4WD 2017: 2 trims
    86 2017: 2 trims
    Avalon 2017: 1 trims
    Avalon Hybrid 2017: 1 trims
    Camry 2017: 2 trims
    Camry Hybrid LE 2017: 1 trims
    Camry Hybrid XLE/SE 2017: 1 trims
    Corolla 2017: 3 trims
    Corolla iM 2017: 2 trims
    Corolla LE Eco 2017: 2 trims
    Highlander 2017: 2 trims
    Highlander AWD 2017: 2 trims
    Highlander AWD LE 2017: 1 trims
    Highlander Hybrid AWD 2017: 1 trims
    Highlander Hybrid AWD LE Plus 2017: 1 trims
    Highlander LE/XLE/SE/LTD 2017: 1 trims
    Land Cruiser Wagon 4WD 2017: 1 trims
    Mirai 2017: 1 trims
    Prius 2017: 1 trims
    Prius c 2017: 1 trims
    Prius Eco 2017: 1 trims
    Prius Prime 2017: 1 trims
    Prius v 2017: 1 trims
    RAV4 2017: 1 trims
    RAV4 AWD 2017: 1 trims
    RAV4 Hybrid AWD 2017: 1 trims
    RAV4 LE/XLE 2017: 1 trims
    RAV4 Limited AWD/SE AWD 2017: 1 trims
    Sequoia 2WD 2017: 1 trims
    Sequoia 4WD 2017: 1 trims
    Sequoia 4WD FFV 2017: 1 trims
    Sienna 2WD 2017: 1 trims
    Sienna AWD 2017: 1 trims
    Tacoma 2WD 2017: 2 trims
    Tacoma 4WD 2017: 4 trims
    Tacoma 4WD Double Cab Off-Road 2017: 1 trims
    Tundra 2WD 2017: 2 trims
    Tundra 2WD FFV 2017: 1 trims
    Tundra 4WD 2017: 2 trims
    Tundra 4WD FFV 2017: 1 trims
    Yaris 2017: 2 trims
    Yaris iA 2017: 2 trims
Toyota 2018: 24 models
    4Runner 2WD 2018: 1 trims
    4Runner 4WD 2018: 2 trims
    86 2018: 2 trims
    Avalon 2018: 1 trims
    Avalon Hybrid 2018: 1 trims
    C-HR 2018: 1 trims
    Camry 2018: 2 trims
    Camry Hybrid LE 2018: 1 trims
    Camry Hybrid XLE/SE 2018: 1 trims
    Camry LE/SE 2018: 1 trims
    Camry XLE/XSE 2018: 1 trims
    Camry XSE 2018: 1 trims
    Corolla 2018: 3 trims
    Corolla iM 2018: 2 trims
    Corolla LE Eco 2018: 2 trims
    Highlander 2018: 2 trims
    Highlander AWD 2018: 2 trims
    Highlander AWD LE 2018: 1 trims
    Highlander Hybrid AWD 2018: 1 trims
    Highlander Hybrid AWD LE Plus 2018: 1 trims
    Highlander LE/XLE/SE/LTD 2018: 1 trims
    Land Cruiser Wagon 4WD 2018: 1 trims
    Mirai 2018: 1 trims
    Prius 2018: 1 trims
    Prius c 2018: 1 trims
    Prius Eco 2018: 1 trims
    Prius Prime 2018: 1 trims
    RAV4 2018: 1 trims
    RAV4 AWD 2018: 1 trims
    RAV4 Hybrid AWD 2018: 1 trims
    RAV4 LE/XLE 2018: 1 trims
    RAV4 Limited AWD/SE AWD 2018: 1 trims
    Sequoia 2WD 2018: 1 trims
    Sequoia 4WD 2018: 1 trims
    Sequoia 4WD FFV 2018: 1 trims
    Sienna 2WD 2018: 1 trims
    Sienna AWD 2018: 1 trims
    Tacoma 2WD 2018: 2 trims
    Tacoma 4WD 2018: 3 trims
    Tacoma 4WD Double Cab Off-Road 2018: 1 trims
    Tundra 2WD 2018: 2 trims
    Tundra 4WD 2018: 2 trims
    Tundra 4WD FFV 2018: 1 trims
    Yaris 2018: 2 trims
    Yaris iA 2018: 2 trims
Toyota 2019: 23 models
    4Runner 2WD 2019: 1 trims
    4Runner 4WD 2019: 2 trims
    86 2019: 2 trims
    Avalon 2019: 1 trims
    Avalon Hybrid 2019: 1 trims
    Avalon Hybrid XLE 2019: 1 trims
    Avalon XLE 2019: 1 trims
    C-HR 2019: 1 trims
    Camry 2019: 2 trims
    Camry Hybrid LE 2019: 1 trims
    Camry Hybrid XLE/SE 2019: 1 trims
    Camry LE/SE 2019: 1 trims
    Camry XLE/XSE 2019: 1 trims
    Camry XSE 2019: 1 trims
    Corolla 2019: 3 trims
    Corolla Hatchback 2019: 2 trims
    Corolla Hatchback XSE 2019: 1 trims
    Corolla LE Eco 2019: 2 trims
    Highlander 2019: 2 trims
    Highlander AWD 2019: 2 trims
    Highlander AWD LE 2019: 1 trims
    Highlander Hybrid AWD 2019: 1 trims
    Highlander Hybrid AWD LE Plus 2019: 1 trims
    Highlander LE/XLE/SE/LTD 2019: 1 trims
    Land Cruiser Wagon 4WD 2019: 1 trims
    Mirai 2019: 1 trims
    Prius 2019: 1 trims
    Prius AWD 2019: 1 trims
    Prius c 2019: 1 trims
    Prius Eco 2019: 1 trims
    Prius Prime 2019: 1 trims
    RAV4 2019: 1 trims
    RAV4 AWD 2019: 2 trims
    RAV4 Hybrid AWD 2019: 1 trims
    Sequoia 2WD 2019: 1 trims
    Sequoia 4WD 2019: 1 trims
    Sienna 2WD 2019: 1 trims
    Sienna AWD 2019: 1 trims
    Tacoma 2WD 2019: 2 trims
    Tacoma 4WD 2019: 3 trims
    Tacoma 4WD Double Cab Off-Road 2019: 1 trims
    Tacoma 4WD TRD PRO 2019: 2 trims
    Tundra 2WD 2019: 2 trims
    Tundra 4WD 2019: 2 trims
    Tundra 4WD FFV 2019: 1 trims
    Yaris 2019: 3 trims
Toyota 2020: 23 models
    4Runner 2WD 2020: 1 trims
    4Runner 4WD 2020: 2 trims
    86 2020: 2 trims
    Avalon 2020: 1 trims
    Avalon Hybrid 2020: 1 trims
    Avalon Hybrid XLE 2020: 1 trims
    Avalon XLE 2020: 1 trims
    C-HR 2020: 1 trims
    Camry 2020: 2 trims
    Camry AWD LE/SE 2020: 1 trims
    Camry AWD XLE/XSE 2020: 1 trims
    Camry Hybrid LE 2020: 1 trims
    Camry Hybrid XLE/SE 2020: 1 trims
    Camry LE/SE 2020: 1 trims
    Camry TRD 2020: 1 trims
    Camry XLE/XSE 2020: 1 trims
    Camry XSE 2020: 1 trims
    Corolla 2020: 4 trims
    Corolla Hatchback 2020: 2 trims
    Corolla Hatchback XSE 2020: 1 trims
    Corolla Hybrid 2020: 1 trims
    Corolla XLE 2020: 1 trims
    Corolla XSE 2020: 1 trims
    Highlander 2020: 2 trims
    Highlander AWD 2020: 1 trims
    Highlander Hybrid 2020: 1 trims
    Highlander Hybrid AWD 2020: 1 trims
    Highlander Hybrid AWD LTD/PLAT 2020: 1 trims
    Land Cruiser Wagon 4WD 2020: 1 trims
    Mirai 2020: 1 trims
    Prius 2020: 1 trims
    Prius AWD 2020: 1 trims
    Prius c 2020: 1 trims
    Prius Eco 2020: 1 trims
    Prius Prime 2020: 1 trims
    RAV4 2020: 2 trims
    RAV4 AWD 2020: 2 trims
    RAV4 AWD LE 2020: 1 trims
    RAV4 AWD TRD OFFROAD 2020: 1 trims
    RAV4 Hybrid AWD 2020: 1 trims
    Sequoia 2WD 2020: 1 trims
    Sequoia 4WD 2020: 1 trims
    Sienna 2WD 2020: 1 trims
    Sienna AWD 2020: 1 trims
    Tacoma 2WD 2020: 2 trims
    Tacoma 4WD 2020: 3 trims
    Tacoma 4WD D-CAB MT TRD-ORP/PRO 2020: 1 trims
    Tundra 2WD 2020: 1 trims
    Tundra 4WD 2020: 1 trims
    Yaris 2020: 2 trims
Toyota 2021: 22 models
    4Runner 2WD 2021: 1 trims
    4Runner 4WD 2021: 2 trims
    Avalon 2021: 1 trims
    Avalon AWD 2021: 1 trims
    Avalon Hybrid 2021: 1 trims
    Avalon Hybrid XLE 2021: 1 trims
    Avalon TRD 2021: 1 trims
    Avalon XLE 2021: 1 trims
    C-HR 2021: 1 trims
    Camry 2021: 1 trims
    Camry AWD LE/SE 2021: 1 trims
    Camry AWD XLE/XSE 2021: 1 trims
    Camry Hybrid LE 2021: 1 trims
    Camry Hybrid SE/XLE/XSE 2021: 1 trims
    Camry LE/SE 2021: 1 trims
    Camry TRD 2021: 1 trims
    Camry XLE/XSE 2021: 1 trims
    Camry XSE 2021: 1 trims
    Corolla 2021: 4 trims
    Corolla APEX 2021: 2 trims
    Corolla Hatchback 2021: 2 trims
    Corolla Hatchback XSE 2021: 1 trims
    Corolla Hybrid 2021: 1 trims
    Corolla XLE 2021: 1 trims
    Corolla XSE 2021: 1 trims
    Highlander 2021: 2 trims
    Highlander AWD 2021: 1 trims
    Highlander Hybrid 2021: 1 trims
    Highlander Hybrid AWD 2021: 1 trims
    Highlander Hybrid AWD LTD/PLAT 2021: 1 trims
    Land Cruiser Wagon 4WD 2021: 1 trims
    Mirai Limited 2021: 1 trims
    Mirai XLE 2021: 1 trims
    Prius 2021: 1 trims
    Prius AWD 2021: 1 trims
    Prius Eco 2021: 1 trims
    Prius Prime 2021: 1 trims
    RAV4 2021: 2 trims
    RAV4 AWD 2021: 2 trims
    RAV4 AWD LE 2021: 1 trims
    RAV4 AWD TRD OFFROAD 2021: 1 trims
    RAV4 Hybrid  AWD 2021: 1 trims
    RAV4 Prime 4WD 2021: 1 trims
    Sequoia 2WD 2021: 1 trims
    Sequoia 4WD 2021: 1 trims
    Sienna Hybrid 2WD 2021: 1 trims
    Sienna Hybrid AWD 2021: 1 trims
    Tacoma 2WD 2021: 2 trims
    Tacoma 4WD 2021: 3 trims
    Tacoma 4WD D-CAB MT TRD-ORP/PRO 2021: 1 trims
    Tundra 2WD 2021: 1 trims
    Tundra 4WD 2021: 1 trims
    Venza AWD 2021: 1 trims
Toyota 2022: 24 models
    4Runner 2WD 2022: 1 trims
    4Runner 4WD 2022: 2 trims
    Avalon 2022: 1 trims
    Avalon Hybrid 2022: 1 trims
    Avalon Hybrid XLE 2022: 1 trims
    Avalon XLE 2022: 1 trims
    C-HR 2022: 1 trims
    Camry 2022: 1 trims
    Camry AWD LE/SE 2022: 1 trims
    Camry AWD XLE/XSE 2022: 1 trims
    Camry Hybrid LE 2022: 1 trims
    Camry Hybrid SE/XLE/XSE 2022: 1 trims
    Camry LE/SE 2022: 1 trims
    Camry TRD 2022: 1 trims
    Camry XLE/XSE 2022: 1 trims
    Camry XSE 2022: 1 trims
    Corolla 2022: 4 trims
    Corolla APEX 2022: 2 trims
    Corolla Cross 2022: 1 trims
    Corolla Cross 4WD 2022: 1 trims
    Corolla Hatchback 2022: 2 trims
    Corolla Hatchback XSE 2022: 1 trims
    Corolla Hybrid 2022: 1 trims
    Corolla XLE 2022: 1 trims
    Corolla XSE 2022: 1 trims
    Highlander 2022: 2 trims
    Highlander AWD 2022: 1 trims
    Highlander Hybrid 2022: 1 trims
    Highlander Hybrid AWD 2022: 1 trims
    Highlander Hybrid AWD LTD/PLAT 2022: 1 trims
    Mirai LE 2022: 1 trims
    Mirai Limited 2022: 1 trims
    Mirai XLE 2022: 1 trims
    Prius 2022: 1 trims
    Prius AWD 2022: 1 trims
    Prius Eco 2022: 1 trims
    Prius Prime 2022: 1 trims
    RAV4 2022: 2 trims
    RAV4 AWD 2022: 2 trims
    RAV4 AWD LE 2022: 1 trims
    RAV4 AWD TRD OFFROAD 2022: 1 trims
    RAV4 Hybrid AWD 2022: 1 trims
    RAV4 Prime 4WD 2022: 1 trims
    Sequoia 2WD 2022: 1 trims
    Sequoia 4WD 2022: 1 trims
    Sienna 2WD 2022: 1 trims
    Sienna AWD 2022: 1 trims
    Tacoma 2WD 2022: 2 trims
    Tacoma 4WD 2022: 3 trims
    Tacoma 4WD D-CAB MT TRD-ORP/PRO 2022: 1 trims
    Tundra 2WD 2022: 3 trims
    Tundra 4WD 2022: 3 trims
    Tundra 4WD PRO 2022: 1 trims
    Venza AWD 2022: 1 trims
Toyota 2023: 26 models
    4Runner 2WD 2023: 1 trims
    4Runner 4WD 2023: 2 trims
    bZ4X 2023: 1 trims
    bZ4X AWD 2023: 1 trims
    bZ4X LIMITED 2023: 1 trims
    bZ4X LIMITED AWD 2023: 1 trims
    Camry 2023: 1 trims
    Camry AWD LE/SE 2023: 1 trims
    Camry AWD XLE/XSE 2023: 1 trims
    Camry Hybrid LE 2023: 1 trims
    Camry Hybrid SE/XLE/XSE 2023: 1 trims
    Camry LE/SE 2023: 2 trims
    Camry TRD 2023: 1 trims
    Camry XLE/XSE 2023: 1 trims
    Camry XSE 2023: 1 trims
    Corolla 2023: 2 trims
    Corolla Cross 2023: 1 trims
    Corolla Cross 4WD 2023: 1 trims
    Corolla Cross Hybrid AWD 2023: 1 trims
    Corolla Hatchback 2023: 1 trims
    Corolla Hatchback XSE 2023: 1 trims
    Corolla Hybrid 2023: 2 trims
    Corolla Hybrid AWD 2023: 2 trims
    Crown AWD 2023: 2 trims
    GR Corolla 2023: 1 trims
    Highlander 2023: 2 trims
    Highlander AWD 2023: 1 trims
    Highlander Hybrid 2023: 1 trims
    Highlander Hybrid AWD 2023: 1 trims
    Highlander Hybrid AWD LTD/PLAT 2023: 1 trims
    Mirai LE 2023: 1 trims
    Mirai Limited 2023: 1 trims
    Mirai XLE 2023: 1 trims
    Prius 2023: 1 trims
    Prius AWD 2023: 1 trims
    Prius AWD XLE/LTD 2023: 1 trims
    Prius Prime 2023: 1 trims
    Prius Prime SE 2023: 1 trims
    Prius XLE/LTD 2023: 1 trims
    RAV4 2023: 2 trims
    RAV4 AWD 2023: 2 trims
    RAV4 AWD LE 2023: 1 trims
    RAV4 AWD TRD OFFROAD 2023: 1 trims
    RAV4 Hybrid AWD 2023: 1 trims
    RAV4 Hybrid AWD Woodland Edition 2023: 1 trims
    RAV4 Prime 4WD 2023: 1 trims
    Sequoia 2WD 2023: 1 trims
    Sequoia 4WD 2023: 1 trims
    Sienna 2WD 2023: 1 trims
    Sienna AWD 2023: 1 trims
    Tacoma 2WD 2023: 2 trims
    Tacoma 4WD 2023: 3 trims
    Tacoma 4WD D-CAB MT TRD-ORP/PRO 2023: 1 trims
    Tundra 2WD 2023: 3 trims
    Tundra 4WD 2023: 3 trims
    Tundra 4WD PRO 2023: 1 trims
    Venza AWD 2023: 1 trims
Toyota 2024: 27 models
    4Runner 2WD 2024: 1 trims
    4Runner 4WD 2024: 2 trims
    bZ4X 2024: 1 trims
    bZ4X AWD 2024: 1 trims
    bZ4X Limited 2024: 1 trims
    bZ4X Limited AWD 2024: 1 trims
    Camry 2024: 1 trims
    Camry AWD LE/SE 2024: 1 trims
    Camry AWD XLE/XSE 2024: 1 trims
    Camry Hybrid LE 2024: 1 trims
    Camry Hybrid SE/XLE/XSE 2024: 1 trims
    Camry LE/SE 2024: 1 trims
    Camry TRD 2024: 1 trims
    Camry XLE/XSE 2024: 1 trims
    Camry XSE 2024: 1 trims
    Corolla 2024: 2 trims
    Corolla Cross 2024: 1 trims
    Corolla Cross AWD 2024: 1 trims
    Corolla Cross Hybrid AWD 2024: 1 trims
    Corolla Hatchback 2024: 1 trims
    Corolla Hatchback XSE 2024: 1 trims
    Corolla Hybrid 2024: 2 trims
    Corolla Hybrid AWD 2024: 2 trims
    Crown AWD 2024: 2 trims
    GR Corolla 2024: 1 trims
    Grand Highlander AWD LE/XLE 2024: 1 trims
    Grand Highlander AWD Limited/Platinum 2024: 1 trims
    Grand Highlander Hybrid 2024: 1 trims
    Grand Highlander Hybrid AWD 2024: 2 trims
    Grand Highlander Hybrid Limited 2024: 1 trims
    Grand Highlander LE/XLE 2024: 1 trims
    Grand Highlander Limited 2024: 1 trims
    Highlander 2024: 2 trims
    Highlander AWD 2024: 1 trims
    Highlander Hybrid 2024: 1 trims
    Highlander Hybrid AWD 2024: 1 trims
    Highlander Hybrid AWD LTD/PLAT 2024: 1 trims
    Land Cruiser 2024: 1 trims
    Mirai Limited 2024: 1 trims
    Mirai XLE 2024: 1 trims
    Prius 2024: 1 trims
    Prius AWD 2024: 1 trims
    Prius AWD XLE/LTD 2024: 1 trims
    Prius Prime 2024: 1 trims
    Prius Prime SE 2024: 1 trims
    Prius XLE/LTD 2024: 1 trims
    RAV4 2024: 1 trims
    RAV4 AWD 2024: 2 trims
    RAV4 AWD LE 2024: 1 trims
    RAV4 AWD TRD OFFROAD 2024: 1 trims
    RAV4 Hybrid AWD 2024: 1 trims
    RAV4 Hybrid AWD Woodland Edition 2024: 1 trims
    RAV4 Prime 4WD 2024: 1 trims
    Sequoia 2WD 2024: 1 trims
    Sequoia 4WD 2024: 1 trims
    Sienna 2WD 2024: 1 trims
    Sienna AWD 2024: 1 trims
    Tacoma 2WD 2024: 1 trims
    Tacoma 4WD 2024: 1 trims
    Tacoma 4WD MT 2024: 1 trims
    Tacoma Hybrid 4WD 2024: 2 trims
    Tacoma SR5/Sport/Off-Road/Limited 4WD 2024: 3 trims
    Tacoma SR5/Sport/PreRunner 2WD 2024: 2 trims
    Tundra 2WD 2024: 6 trims
    Tundra 4WD 2024: 5 trims
    Tundra 4WD PRO 2024: 2 trims
    Venza AWD 2024: 1 trims
Toyota 2025: 28 models
    4Runner 2WD 2025: 2 trims
    4Runner 4WD 2025: 4 trims
    bZ4X 2025: 1 trims
    bZ4X AWD (18inch Wheels) 2025: 1 trims
    bZ4X AWD (20inch Wheels) 2025: 1 trims
    bZ4X LIMITED 2025: 1 trims
    bZ4X LIMITED AWD 2025: 1 trims
    Camry HEV AWD LE 2025: 1 trims
    Camry HEV AWD SE/XLE 2025: 1 trims
    Camry HEV AWD XSE 2025: 1 trims
    Camry HEV FF LE 2025: 1 trims
    Camry HEV FF SE/XLE/XSE 2025: 1 trims
    Corolla 2025: 3 trims
    Corolla Cross 2025: 1 trims
    Corolla Cross AWD 2025: 1 trims
    Corolla Cross Hybrid AWD 2025: 1 trims
    Corolla FX 2025: 1 trims
    Corolla Hatchback 2025: 1 trims
    Corolla Hatchback XSE 2025: 1 trims
    Corolla Hybrid 2025: 2 trims
    Corolla Hybrid AWD 2025: 2 trims
    Crown AWD 2025: 2 trims
    Crown Signia AWD 2025: 1 trims
    GR Corolla 2025: 2 trims
    Grand Highlander AWD LE/XLE 2025: 1 trims
    Grand Highlander AWD Limited/Platinum 2025: 1 trims
    Grand Highlander Hybrid 2025: 1 trims
    Grand Highlander Hybrid AWD 2025: 2 trims
    Grand Highlander LE/XLE 2025: 1 trims
    Grand Highlander Limited 2025: 1 trims
    Highlander 2025: 2 trims
    Highlander AWD 2025: 1 trims
    Highlander Hybrid AWD 2025: 1 trims
    Highlander Hybrid AWD LTD/PLAT 2025: 1 trims
    Land Cruiser 2025: 1 trims
    Mirai XLE 2025: 1 trims
    Prius 2025: 1 trims
    Prius AWD 2025: 1 trims
    Prius AWD XLE/LTD 2025: 1 trims
    Prius PHEV 2025: 1 trims
    Prius PHEV SE 2025: 1 trims
    Prius XLE/LTD 2025: 1 trims
    RAV4 2025: 1 trims
    RAV4 AWD 2025: 2 trims
    RAV4 AWD LE 2025: 1 trims
    RAV4 Hybrid AWD 2025: 1 trims
    RAV4 Hybrid AWD Woodland Edition 2025: 1 trims
    RAV4 PHEV AWD 2025: 1 trims
    Sequoia 2WD 2025: 1 trims
    Sequoia 4WD 2025: 1 trims
    Sienna 2WD 2025: 1 trims
    Sienna AWD 2025: 1 trims
    Tacoma 2WD 2025: 1 trims
    Tacoma 4WD 2025: 1 trims
    Tacoma 4WD MT 2025: 1 trims
    Tacoma Hybrid 4WD 2025: 2 trims
    Tacoma SR5/Sport/Off-Road/Limited 4WD 2025: 3 trims
    Tacoma SR5/Sport/PreRunner 2WD 2025: 2 trims
    Tundra 2WD 2025: 3 trims
    Tundra 4WD 2025: 3 trims
    Tundra 4WD PRO 2025: 1 trims
Toyota 2026: 29 models
    4Runner 2WD 2026: 2 trims
    4Runner 4WD 2026: 2 trims
    4Runner Hybrid 4WD 2026: 2 trims
    bZ (energy capacity 191 Ah) 2026: 1 trims
    bZ (energy capacity 200 Ah) 2026: 1 trims
    bZ AWD 2026: 1 trims
    bZ AWD LIMITED 2026: 1 trims
    bZ LIMITED (energy capacity 191 Ah) 2026: 1 trims
    bZ LIMITED (energy capacity 200 Ah) 2026: 1 trims
    bZ Woodland AWD 235/60R18 2026: 1 trims
    bZ Woodland AWD 235/65R18 2026: 1 trims
    C-HR AWD 18inch 2026: 1 trims
    C-HR AWD 20inch 2026: 1 trims
    Camry HEV AWD LE 2026: 1 trims
    Camry HEV AWD SE/XLE 2026: 1 trims
    Camry HEV AWD XSE 2026: 1 trims
    Camry HEV FF LE 2026: 1 trims
    Camry HEV FF SE/XLE/XSE 2026: 1 trims
    Corolla 2026: 1 trims
    Corolla (1-mode TM) 2026: 1 trims
    Corolla (3-mode TM) 2026: 1 trims
    Corolla Cross 2026: 1 trims
    Corolla Cross AWD 2026: 1 trims
    Corolla Cross Hybrid AWD 2026: 1 trims
    Corolla Hatchback 2026: 1 trims
    Corolla Hatchback FX 2026: 1 trims
    Corolla Hatchback XSE 2026: 1 trims
    Corolla Hybrid 2026: 1 trims
    Corolla Hybrid AWD 2026: 1 trims
    Corolla Hybrid SE 2026: 1 trims
    Corolla Hybrid SE AWD 2026: 1 trims
    Crown AWD 2026: 1 trims
    Crown Hybrid AWD 2026: 1 trims
    Crown Signia AWD 2026: 1 trims
    GR Corolla 2026: 2 trims
    Grand Highlander AWD LE/XLE 2026: 1 trims
    Grand Highlander AWD Limited/Platinum 2026: 1 trims
    Grand Highlander Hybrid 2026: 1 trims
    Grand Highlander Hybrid AWD 2026: 2 trims
    Grand Highlander LE/XLE 2026: 1 trims
    Grand Highlander Limited 2026: 1 trims
    Highlander AWD 2026: 1 trims
    Highlander Hybrid AWD 2026: 1 trims
    Highlander Hybrid AWD LTD/PLAT 2026: 1 trims
    Land Cruiser 2026: 1 trims
    Mirai 2026: 1 trims
    Prius 2026: 1 trims
    Prius AWD 2026: 1 trims
    Prius AWD XLE/LTD 2026: 1 trims
    Prius XLE/LTD 2026: 1 trims
    RAV4 2026: 1 trims
    RAV4 AWD Limited & XSE 2026: 2 trims
    RAV4 AWD SE & LE 2026: 1 trims
    RAV4 AWD XLE 2026: 1 trims
    RAV4 Hybrid AWD Woodland Edition 2026: 1 trims
    Sequoia 2WD 2026: 2 trims
    Sequoia 4WD 2026: 2 trims
    Sienna 2WD 2026: 1 trims
    Sienna AWD 2026: 1 trims
    Tacoma 2WD 2026: 1 trims
    Tacoma 4WD 2026: 1 trims
    Tacoma 4WD MT 2026: 1 trims
    Tacoma Hybrid 4WD 2026: 2 trims
    Tacoma SR5/Sport/Off-Road/Limited 4WD 2026: 3 trims
    Tacoma SR5/Sport/PreRunner 2WD 2026: 2 trims
    Tundra 2WD 2026: 2 trims
    Tundra 2WD TRD Perf 2026: 1 trims
    Tundra 4WD 2026: 2 trims
    Tundra 4WD TRD Perf 2026: 1 trims
    Tundra Hybrid 2WD 2026: 1 trims
    Tundra Hybrid 2WD TRD Perf 2026: 1 trims
    Tundra Hybrid 4WD 2026: 1 trims
    Tundra Hybrid 4WD PRO 2026: 1 trims
    Tundra Hybrid 4WD PRO TRD Perf 2026: 1 trims
    Tundra Hybrid 4WD TRD Per 2026: 1 trims
Honda 2015: 9 models
    Accord 2015: 6 trims
    Accord Hybrid 2015: 1 trims
    Civic 2015: 4 trims
    Civic HF 2015: 1 trims
    Civic Hybrid 2015: 1 trims
    Civic Natural Gas 2015: 1 trims
    CR-V 2WD 2015: 1 trims
    CR-V 4WD 2015: 1 trims
    CR-Z 2015: 2 trims
    Crosstour 2WD 2015: 2 trims
    Crosstour 4WD 2015: 1 trims
    Fit 2015: 3 trims
    Odyssey 2015: 1 trims
    Pilot 2WD 2015: 1 trims
    Pilot 4WD 2015: 1 trims
Honda 2016: 9 models
    Accord 2016: 6 trims
    Civic 2Dr 2016: 3 trims
    Civic 4Dr 2016: 3 trims
    CR-V 2WD 2016: 1 trims
    CR-V 4WD 2016: 1 trims
    CR-Z 2016: 2 trims
    Fit 2016: 3 trims
    HR-V 2WD 2016: 3 trims
    HR-V 4WD 2016: 2 trims
    Odyssey 2016: 1 trims
    Pilot 2WD 2016: 2 trims
    Pilot 4WD 2016: 2 trims
Honda 2017: 10 models
    Accord 2017: 6 trims
    Accord Hybrid 2017: 1 trims
    Civic 2Dr 2017: 4 trims
    Civic 4Dr 2017: 4 trims
    Civic 5Dr 2017: 2 trims
    Civic 5Dr - Type R 2017: 1 trims
    Civic 5Dr Sport 2017: 2 trims
    Civic Si 2Dr 2017: 1 trims
    Civic Si 4Dr 2017: 1 trims
    Clarity EV 2017: 1 trims
    Clarity FCV 2017: 1 trims
    CR-V AWD 2017: 2 trims
    CR-V FWD 2017: 2 trims
    Fit 2017: 3 trims
    HR-V AWD 2017: 2 trims
    HR-V FWD 2017: 3 trims
    Odyssey 2017: 1 trims
    Pilot AWD 2017: 2 trims
    Pilot FWD 2017: 2 trims
    Ridgeline AWD 2017: 1 trims
    Ridgeline FWD 2017: 1 trims
Honda 2018: 10 models
    Accord 2018: 5 trims
    Accord 2.0T Sport/Touring 2018: 1 trims
    Accord Hybrid 2018: 1 trims
    Civic 2Dr 2018: 4 trims
    Civic 4Dr 2018: 4 trims
    Civic 5Dr 2018: 2 trims
    Civic 5Dr - Type R 2018: 1 trims
    Civic 5Dr Sport 2018: 2 trims
    Civic Si 2Dr 2018: 1 trims
    Civic Si 4Dr 2018: 1 trims
    Clarity EV 2018: 1 trims
    Clarity FCV 2018: 1 trims
    Clarity Plug-in Hybrid 2018: 1 trims
    CR-V AWD 2018: 2 trims
    CR-V FWD 2018: 2 trims
    Fit 2018: 3 trims
    HR-V AWD 2018: 2 trims
    HR-V FWD 2018: 3 trims
    Odyssey 2018: 2 trims
    Pilot AWD 2018: 2 trims
    Pilot FWD 2018: 2 trims
    Ridgeline AWD 2018: 1 trims
    Ridgeline FWD 2018: 1 trims
Honda 2019: 12 models
    Accord 2019: 5 trims
    Accord 2.0T Sport/Touring 2019: 1 trims
    Accord Hybrid 2019: 1 trims
    Civic 2Dr 2019: 6 trims
    Civic 4Dr 2019: 6 trims
    Civic 5Dr 2019: 4 trims
    Clarity EV 2019: 1 trims
    Clarity FCV 2019: 1 trims
    Clarity Plug-in Hybrid 2019: 1 trims
    CR-V AWD 2019: 2 trims
    CR-V FWD 2019: 2 trims
    Fit 2019: 3 trims
    HR-V AWD 2019: 2 trims
    HR-V FWD 2019: 2 trims
    Insight 2019: 1 trims
    Insight Touring 2019: 1 trims
    Odyssey 2019: 2 trims
    Passport AWD 2019: 1 trims
    Passport FWD 2019: 1 trims
    Pilot AWD 2019: 2 trims
    Pilot FWD 2019: 2 trims
    Ridgeline AWD 2019: 1 trims
    Ridgeline FWD 2019: 1 trims
Honda 2020: 12 models
    Accord 2020: 5 trims
    Accord 2.0T Sport/Touring 2020: 1 trims
    Accord Hybrid 2020: 1 trims
    Civic 2Dr 2020: 6 trims
    Civic 4Dr 2020: 6 trims
    Civic 5Dr 2020: 4 trims
    Clarity FCV 2020: 1 trims
    Clarity Plug-in Hybrid 2020: 1 trims
    CR-V AWD 2020: 1 trims
    CR-V FWD 2020: 1 trims
    CR-V Hybrid AWD 2020: 1 trims
    Fit 2020: 3 trims
    HR-V AWD 2020: 2 trims
    HR-V FWD 2020: 2 trims
    Insight 2020: 1 trims
    Insight Touring 2020: 1 trims
    Odyssey 2020: 1 trims
    Passport AWD 2020: 1 trims
    Passport FWD 2020: 1 trims
    Pilot AWD 2020: 2 trims
    Pilot FWD 2020: 2 trims
    Ridgeline AWD 2020: 1 trims
    Ridgeline FWD 2020: 1 trims
Honda 2021: 11 models
    Accord 2021: 1 trims
    Accord Hybrid 2021: 1 trims
    Accord Hybrid Sport/Touring 2021: 1 trims
    Accord Sport/Touring 2021: 2 trims
    Civic 4Dr 2021: 4 trims
    Civic 5Dr 2021: 4 trims
    Clarity FCV 2021: 1 trims
    Clarity Plug-in Hybrid 2021: 1 trims
    CR-V AWD 2021: 1 trims
    CR-V FWD 2021: 1 trims
    CR-V Hybrid AWD 2021: 1 trims
    HR-V AWD 2021: 2 trims
    HR-V FWD 2021: 2 trims
    Insight 2021: 1 trims
    Insight Touring 2021: 1 trims
    Odyssey 2021: 1 trims
    Passport AWD 2021: 1 trims
    Passport FWD 2021: 1 trims
    Pilot AWD 2021: 1 trims
    Pilot FWD 2021: 1 trims
    Ridgeline AWD 2021: 1 trims
Honda 2022: 10 models
    Accord 2022: 1 trims
    Accord Hybrid 2022: 1 trims
    Accord Hybrid Sport/Touring 2022: 1 trims
    Accord Sport/Touring 2022: 2 trims
    Civic 4Dr 2022: 5 trims
    Civic 5Dr 2022: 6 trims
    CR-V AWD 2022: 1 trims
    CR-V FWD 2022: 1 trims
    CR-V Hybrid AWD 2022: 1 trims
    HR-V AWD 2022: 2 trims
    HR-V FWD 2022: 2 trims
    Insight 2022: 1 trims
    Insight Touring 2022: 1 trims
    Odyssey 2022: 1 trims
    Passport AWD 2022: 1 trims
    Passport FWD 2022: 1 trims
    Pilot AWD 2022: 1 trims
    Pilot AWD TrailSport 2022: 1 trims
    Pilot FWD 2022: 1 trims
    Ridgeline AWD 2022: 1 trims
Honda 2023: 10 models
    Accord 2023: 1 trims
    Accord Hybrid 2023: 1 trims
    Accord Hybrid Sport/Touring 2023: 1 trims
    Civic 4Dr 2023: 5 trims
    Civic 5Dr 2023: 7 trims
    CR-V AWD 2023: 1 trims
    CR-V FWD 2023: 1 trims
    CR-V Hybrid AWD 2023: 1 trims
    CR-V Hybrid FWD 2023: 1 trims
    HR-V AWD 2023: 1 trims
    HR-V FWD 2023: 1 trims
    Odyssey 2023: 1 trims
    Passport AWD 2023: 1 trims
    Pilot AWD 2023: 1 trims
    Pilot AWD Touring/Elite/Black 2023: 1 trims
    Pilot AWD TrailSport 2023: 1 trims
    Pilot FWD 2023: 1 trims
    Ridgeline AWD 2023: 1 trims
Honda 2024: 11 models
    Accord 2024: 1 trims
    Accord Hybrid 2024: 1 trims
    Accord Hybrid Sport/Touring 2024: 1 trims
    Civic 4Dr 2024: 5 trims
    Civic 5Dr 2024: 7 trims
    CR-V AWD 2024: 2 trims
    CR-V FWD 2024: 2 trims
    HR-V AWD 2024: 1 trims
    HR-V FWD 2024: 1 trims
    Odyssey 2024: 1 trims
    Passport AWD 2024: 1 trims
    Pilot AWD 2024: 1 trims
    Pilot AWD Touring/Elite/Black 2024: 1 trims
    Pilot AWD TrailSport 2024: 1 trims
    Pilot FWD 2024: 1 trims
    Prologue AWD Elite 2024: 1 trims
    Prologue AWD Touring 2024: 1 trims
    Prologue FWD 2024: 1 trims
    Ridgeline AWD 2024: 1 trims
    Ridgeline AWD TrailSport 2024: 1 trims
Honda 2025: 11 models
    Accord 2025: 1 trims
    Accord Hybrid 2025: 1 trims
    Accord Hybrid Sport/Touring 2025: 1 trims
    Civic 4Dr 2025: 4 trims
    Civic 5Dr 2025: 3 trims
    CR-V AWD 2025: 2 trims
    CR-V e-FCEV 2025: 1 trims
    CR-V FWD 2025: 2 trims
    HR-V AWD 2025: 1 trims
    HR-V FWD 2025: 1 trims
    Odyssey 2025: 1 trims
    Passport AWD 2025: 1 trims
    Pilot AWD 2025: 1 trims
    Pilot AWD Touring/Elite/Black 2025: 1 trims
    Pilot AWD TrailSport 2025: 1 trims
    Pilot FWD 2025: 1 trims
    Prologue AWD Elite 2025: 1 trims
    Prologue AWD Touring 2025: 1 trims
    Prologue FWD 2025: 1 trims
    Ridgeline AWD 2025: 1 trims
    Ridgeline AWD TrailSport 2025: 1 trims
Honda 2026: 12 models
    Accord 2026: 1 trims
    Accord Hybrid 2026: 1 trims
    Accord Hybrid Sport/Touring 2026: 1 trims
    Accord SE 2026: 1 trims
    Civic 4Dr 2026: 4 trims
    Civic 5Dr 2026: 3 trims
    CR-V AWD 2026: 2 trims
    CR-V AWD TrailSport 2026: 1 trims
    CR-V e-FCEV 2026: 1 trims
    CR-V FWD 2026: 2 trims
    HR-V AWD 2026: 1 trims
    HR-V FWD 2026: 1 trims
    Odyssey 2026: 1 trims
    Passport AWD 2026: 1 trims
    Passport AWD Trailsport 2026: 1 trims
    Pilot AWD 2026: 1 trims
    Pilot AWD Touring/Elite/Black 2026: 1 trims
    Pilot AWD TrailSport 2026: 1 trims
    Pilot FWD 2026: 1 trims
    Prelude 2026: 1 trims
    Prologue AWD 2026: 2 trims
    Prologue FWD 2026: 1 trims
    Ridgeline AWD 2026: 1 trims
    Ridgeline AWD TrailSport 2026: 1 trims
Ford 2015: 20 models
    C-MAX Energi Plug-in Hybrid 2015: 1 trims
    C-MAX Hybrid FWD 2015: 1 trims
    Edge AWD 2015: 3 trims
    Edge FWD 2015: 4 trims
    Escape AWD 2015: 2 trims
    Escape FWD 2015: 3 trims
    Expedition 2WD 2015: 1 trims
    Expedition 4WD 2015: 1 trims
    Expedition EL 2WD 2015: 1 trims
    Expedition EL 4WD 2015: 1 trims
    Explorer 2WD FFV 2015: 1 trims
    Explorer AWD 2015: 2 trims
    Explorer AWD FFV 2015: 1 trims
    Explorer FWD 2015: 2 trims
    Fiesta FWD 2015: 2 trims
    Fiesta SFE FWD 2015: 1 trims
    Fiesta ST FWD 2015: 1 trims
    Flex AWD 2015: 2 trims
    Flex FWD 2015: 1 trims
    Focus Electric 2015: 1 trims
    Focus FWD 2015: 5 trims
    Focus FWD FFV 2015: 3 trims
    Focus SFE FWD 2015: 1 trims
    Fusion AWD 2015: 1 trims
    Fusion Energi Plug-in Hybrid 2015: 1 trims
    Fusion FWD 2015: 4 trims
    Fusion Hybrid FWD 2015: 1 trims
    Mustang 2015: 6 trims
    Mustang Convertible 2015: 2 trims
    Taurus AWD 2015: 2 trims
    Taurus AWD FFV 2015: 1 trims
    Taurus FWD 2015: 2 trims
    Taurus FWD FFV 2015: 1 trims
    Transit Connect Van 2WD 2015: 2 trims
    Transit Connect Wagon FWD 2015: 2 trims
    Transit Connect Wagon LWB FWD 2015: 1 trims
    Transit T150 Wagon 2015: 1 trims
    Transit T150 Wagon FFV 2015: 1 trims
Ford 2016: 20 models
    C-MAX Energi Plug-in Hybrid 2016: 1 trims
    C-MAX Hybrid FWD 2016: 1 trims
    Edge AWD 2016: 3 trims
    Edge FWD 2016: 3 trims
    Escape AWD 2016: 2 trims
    Escape FWD 2016: 3 trims
    Expedition 2WD 2016: 1 trims
    Expedition 4WD 2016: 1 trims
    Expedition EL 2WD 2016: 1 trims
    Expedition EL 4WD 2016: 1 trims
    Explorer 2WD FFV 2016: 1 trims
    Explorer AWD 2016: 3 trims
    Explorer AWD FFV 2016: 1 trims
    Explorer FWD 2016: 2 trims
    Fiesta FWD 2016: 2 trims
    Fiesta SFE FWD 2016: 1 trims
    Fiesta ST FWD 2016: 1 trims
    Flex AWD 2016: 2 trims
    Flex FWD 2016: 1 trims
    Focus Electric 2016: 1 trims
    Focus FWD 2016: 5 trims
    Focus FWD FFV 2016: 3 trims
    Focus RS AWD 2016: 1 trims
    Focus ST FWD 2016: 1 trims
    Fusion AWD 2016: 1 trims
    Fusion Energi Plug-in Hybrid 2016: 1 trims
    Fusion FWD 2016: 4 trims
    Fusion Hybrid FWD 2016: 1 trims
    Mustang 2016: 6 trims
    Mustang Convertible 2016: 2 trims
    Taurus AWD 2016: 2 trims
    Taurus AWD FFV 2016: 1 trims
    Taurus FWD 2016: 2 trims
    Taurus FWD FFV 2016: 1 trims
    Transit Connect Van 2WD 2016: 2 trims
    Transit Connect Van FFV 2016: 1 trims
    Transit Connect Wagon FFV 2016: 1 trims
    Transit Connect Wagon FWD 2016: 2 trims
    Transit Connect Wagon LWB FFV 2016: 1 trims
    Transit Connect Wagon LWB FWD 2016: 1 trims
    Transit T150 Wagon 2016: 1 trims
    Transit T150 Wagon FFV 2016: 1 trims
Ford 2017: 24 models
    C-MAX Energi Plug-In Hybrid 2017: 1 trims
    C-MAX Hybrid FWD 2017: 1 trims
    Edge AWD 2017: 3 trims
    Edge FWD 2017: 3 trims
    Escape AWD 2017: 2 trims
    Escape FWD 2017: 3 trims
    Escape FWD FFV 2017: 1 trims
    Expedition 2WD 2017: 1 trims
    Expedition 4WD 2017: 1 trims
    Expedition EL 2WD 2017: 1 trims
    Expedition EL 4WD 2017: 1 trims
    Explorer 2WD FFV 2017: 1 trims
    Explorer AWD 2017: 3 trims
    Explorer AWD FFV 2017: 1 trims
    Explorer FWD 2017: 2 trims
    Fiesta FWD 2017: 2 trims
    Fiesta SFE FWD 2017: 1 trims
    Fiesta ST FWD 2017: 1 trims
    Flex AWD 2017: 2 trims
    Flex FWD 2017: 1 trims
    Focus Electric 2017: 1 trims
    Focus FWD 2017: 5 trims
    Focus FWD FFV 2017: 3 trims
    Focus RS AWD 2017: 1 trims
    Focus ST FWD 2017: 1 trims
    Fusion AWD 2017: 2 trims
    Fusion Energi Plug-in Hybrid 2017: 1 trims
    Fusion FWD 2017: 3 trims
    Fusion Hybrid FWD 2017: 1 trims
    GT 2017: 1 trims
    Mustang 2017: 6 trims
    Mustang Convertible 2017: 4 trims
    Mustang Performance Package 2017: 3 trims
    Taurus AWD 2017: 2 trims
    Taurus AWD FFV 2017: 1 trims
    Taurus FWD 2017: 2 trims
    Taurus FWD FFV 2017: 1 trims
    Transit Connect Van 2WD 2017: 1 trims
    Transit Connect Van FFV 2017: 1 trims
    Transit Connect Wagon FFV 2017: 1 trims
    Transit Connect Wagon FWD 2017: 1 trims
    Transit Connect Wagon LWB FFV 2017: 1 trims
    Transit Connect Wagon LWB FWD 2017: 1 trims
    Transit T150 Wagon 2017: 1 trims
    Transit T150 Wagon FFV 2017: 1 trims
Ford 2018: 25 models
    C-MAX Hybrid FWD 2018: 1 trims
    EcoSport AWD 2018: 1 trims
    EcoSport FWD 2018: 1 trims
    Edge AWD 2018: 3 trims
    Edge FWD 2018: 3 trims
    Escape AWD 2018: 2 trims
    Escape FWD 2018: 3 trims
    Escape FWD FFV 2018: 1 trims
    Expedition 2WD 2018: 1 trims
    Expedition 4WD 2018: 1 trims
    Expedition MAX 2WD 2018: 1 trims
    Expedition MAX 4WD 2018: 1 trims
    Explorer 2WD FFV 2018: 1 trims
    Explorer AWD 2018: 3 trims
    Explorer AWD FFV 2018: 1 trims
    Explorer FWD 2018: 2 trims
    Fiesta FWD 2018: 2 trims
    Fiesta ST FWD 2018: 1 trims
    Flex AWD 2018: 2 trims
    Flex FWD 2018: 1 trims
    Focus Electric 2018: 1 trims
    Focus FWD 2018: 5 trims
    Focus RS AWD 2018: 1 trims
    Focus ST FWD 2018: 1 trims
    Fusion AWD 2018: 2 trims
    Fusion Energi Plug-in Hybrid 2018: 1 trims
    Fusion FWD 2018: 3 trims
    Fusion Hybrid FWD 2018: 1 trims
    GT 2018: 1 trims
    Mustang 2018: 4 trims
    Mustang Convertible 2018: 3 trims
    Mustang Performance Package 2018: 2 trims
    Taurus AWD 2018: 2 trims
    Taurus AWD FFV 2018: 1 trims
    Taurus FWD 2018: 1 trims
    Taurus FWD FFV 2018: 1 trims
    Transit Connect Van 2WD 2018: 1 trims
    Transit Connect Van FFV 2018: 1 trims
    Transit Connect Wagon FFV 2018: 1 trims
    Transit Connect Wagon FWD 2018: 1 trims
    Transit Connect Wagon LWB FFV 2018: 1 trims
    Transit Connect Wagon LWB FWD 2018: 1 trims
    Transit T150 Wagon 2018: 2 trims
    Transit T150 Wagon FFV 2018: 1 trims
Ford 2019: 25 models
    EcoSport AWD 2019: 1 trims
    EcoSport FWD 2019: 1 trims
    Edge AWD 2019: 2 trims
    Edge FWD 2019: 1 trims
    Escape AWD 2019: 2 trims
    Escape FWD 2019: 3 trims
    Escape FWD FFV 2019: 1 trims
    Expedition 2WD 2019: 1 trims
    Expedition 4WD 2019: 1 trims
    Expedition MAX 2WD 2019: 1 trims
    Expedition MAX 4WD 2019: 1 trims
    Explorer 2WD FFV 2019: 1 trims
    Explorer AWD 2019: 3 trims
    Explorer AWD FFV 2019: 1 trims
    Explorer FWD 2019: 2 trims
    Fiesta FWD 2019: 2 trims
    Fiesta ST FWD 2019: 1 trims
    Flex AWD 2019: 2 trims
    Flex FWD 2019: 1 trims
    Fusion AWD 2019: 2 trims
    Fusion Energi Plug-in Hybrid 2019: 1 trims
    Fusion FWD 2019: 3 trims
    Fusion Hybrid FWD 2019: 1 trims
    Fusion Hybrid Taxi 2019: 1 trims
    Fusion Special Service Vehicle PHEV 2019: 1 trims
    GT 2019: 1 trims
    Mustang 2019: 4 trims
    Mustang Bullitt 2019: 1 trims
    Mustang Convertible 2019: 3 trims
    Mustang Performance Package 2019: 2 trims
    Ranger 2WD 2019: 1 trims
    Ranger 2WD Incomplete 2019: 1 trims
    Ranger 4WD 2019: 1 trims
    Taurus AWD 2019: 2 trims
    Taurus AWD FFV 2019: 1 trims
    Taurus FWD 2019: 1 trims
    Taurus FWD FFV 2019: 1 trims
    Transit Connect USPS 2019: 1 trims
    Transit Connect Van 2WD 2019: 2 trims
    Transit Connect Van FFV 2019: 1 trims
    Transit Connect Wagon LWB FFV 2019: 1 trims
    Transit Connect Wagon LWB FWD 2019: 2 trims
    Transit T150 Wagon 2019: 2 trims
    Transit T150 Wagon FFV 2019: 1 trims
Ford 2020: 25 models
    EcoSport AWD 2020: 1 trims
    EcoSport FWD 2020: 1 trims
    Edge AWD 2020: 3 trims
    Edge FWD 2020: 1 trims
    Escape AWD 2020: 2 trims
    Escape AWD HEV 2020: 1 trims
    Escape FWD 2020: 1 trims
    Escape FWD HEV 2020: 1 trims
    Escape FWD PHEV 2020: 1 trims
    Expedition 2WD 2020: 1 trims
    Expedition 4WD 2020: 1 trims
    Expedition MAX 2WD 2020: 1 trims
    Expedition MAX 4WD 2020: 1 trims
    Explorer AWD 2020: 2 trims
    Explorer FFV AWD 2020: 1 trims
    Explorer HEV AWD 2020: 1 trims
    Explorer HEV RWD 2020: 1 trims
    Explorer RWD 2020: 1 trims
    Fusion AWD 2020: 1 trims
    Fusion Energi Plug-in Hybrid 2020: 1 trims
    Fusion FWD 2020: 3 trims
    Fusion Hybrid FWD 2020: 1 trims
    Fusion Hybrid Taxi 2020: 1 trims
    Fusion Special Service PHEV 2020: 1 trims
    GT 2020: 1 trims
    Mustang 2020: 4 trims
    Mustang Bullitt 2020: 1 trims
    Mustang Convertible 2020: 3 trims
    Mustang HO Convertible 2020: 2 trims
    Mustang HO Coupe 2020: 2 trims
    Ranger 2WD 2020: 1 trims
    Ranger 2WD Incomplete 2020: 1 trims
    Ranger 4WD 2020: 1 trims
    Transit Connect USPS 2020: 1 trims
    Transit Connect Van 2WD 2020: 2 trims
    Transit Connect Van FFV 2020: 1 trims
    Transit Connect Wagon LWB FFV 2020: 1 trims
    Transit Connect Wagon LWB FWD 2020: 2 trims
    Transit T150 Wagon 2WD FFV 2020: 1 trims
    Transit T150 Wagon 4WD FFV 2020: 1 trims
Ford 2021: 27 models
    Bronco 4WD 2021: 3 trims
    Bronco Badlands 4WD 2021: 3 trims
    Bronco Black Diamond 4WD 2021: 2 trims
    Bronco Sasquatch 4WD 2021: 2 trims
    Bronco Sport 4WD 2021: 2 trims
    EcoSport AWD 2021: 1 trims
    EcoSport FWD 2021: 1 trims
    Edge AWD 2021: 3 trims
    Edge FWD 2021: 1 trims
    Escape AWD 2021: 2 trims
    Escape AWD HEV 2021: 1 trims
    Escape FWD 2021: 1 trims
    Escape FWD HEV 2021: 1 trims
    Escape FWD PHEV 2021: 1 trims
    Expedition 2WD 2021: 1 trims
    Expedition 4WD 2021: 1 trims
    Expedition MAX 2WD 2021: 1 trims
    Expedition MAX 4WD 2021: 1 trims
    Explorer AWD 2021: 3 trims
    Explorer FFV AWD 2021: 1 trims
    Explorer HEV AWD 2021: 1 trims
    Explorer HEV RWD 2021: 1 trims
    Explorer RWD 2021: 3 trims
    Explorer Timberline AWD 2021: 1 trims
    GT 2021: 1 trims
    Mustang 2021: 5 trims
    Mustang Convertible 2021: 4 trims
    Mustang HO Convertible 2021: 2 trims
    Mustang HO Coupe 2021: 2 trims
    Mustang Mach 1 2021: 2 trims
    Mustang Mach-E AWD 2021: 1 trims
    Mustang Mach-E AWD Extended 2021: 1 trims
    Mustang Mach-E GT 2021: 1 trims
    Mustang Mach-E GT Performance 2021: 1 trims
    Mustang Mach-E RWD 2021: 1 trims
    Mustang Mach-E RWD California Route 1 2021: 1 trims
    Mustang Mach-E RWD Extended 2021: 1 trims
    Ranger 2WD 2021: 1 trims
    Ranger 2WD Incomplete 2021: 1 trims
    Ranger 4WD 2021: 1 trims
    Ranger Tremor 4WD 2021: 1 trims
    Transit Connect USPS 2021: 1 trims
    Transit Connect Van FFV 2021: 1 trims
    Transit Connect Van FWD 2021: 2 trims
    Transit Connect Wagon LWB FFV 2021: 1 trims
    Transit Connect Wagon LWB FWD 2021: 2 trims
    Transit T150 Wagon 2WD FFV 2021: 1 trims
    Transit T150 Wagon 4WD FFV 2021: 1 trims
Ford 2022: 28 models
    Bronco 4WD 2022: 3 trims
    Bronco Badlands 4WD 2022: 3 trims
    Bronco Black Diamond 4WD 2022: 2 trims
    Bronco Raptor 4WD 2022: 1 trims
    Bronco Sasquatch 4WD 2022: 3 trims
    Bronco Sport 4WD 2022: 2 trims
    EcoSport AWD 2022: 1 trims
    Edge AWD 2022: 3 trims
    Escape AWD 2022: 2 trims
    Escape AWD HEV 2022: 1 trims
    Escape FWD 2022: 1 trims
    Escape FWD HEV 2022: 1 trims
    Escape FWD PHEV 2022: 1 trims
    Expedition 2WD 2022: 2 trims
    Expedition 4WD 2022: 2 trims
    Expedition Timberline AWD 2022: 2 trims
    Explorer AWD 2022: 4 trims
    Explorer FFV AWD 2022: 1 trims
    Explorer HEV AWD 2022: 1 trims
    Explorer HEV RWD 2022: 1 trims
    Explorer Platinum HEV AWD 2022: 1 trims
    Explorer Platinum HEV RWD 2022: 1 trims
    Explorer RWD 2022: 4 trims
    Explorer Timberline AWD 2022: 2 trims
    F-150 Lightning 4WD 2022: 1 trims
    F-150 Lightning 4WD Extended Range 2022: 1 trims
    F-150 Lightning Platinum 4WD 2022: 1 trims
    GT 2022: 1 trims
    Maverick AWD 2022: 1 trims
    Maverick FWD 2022: 1 trims
    Maverick HEV FWD 2022: 1 trims
    Mustang 2022: 5 trims
    Mustang Convertible 2022: 4 trims
    Mustang HO Convertible 2022: 2 trims
    Mustang HO Coupe 2022: 2 trims
    Mustang Mach 1 2022: 2 trims
    Mustang Mach-E AWD 2022: 1 trims
    Mustang Mach-E AWD Extended 2022: 1 trims
    Mustang Mach-E CAL RT 1 ER AWD 2022: 1 trims
    Mustang Mach-E CAL RT 1 ER RWD 2022: 1 trims
    Mustang Mach-E GT 2022: 1 trims
    Mustang Mach-E GT Performance 2022: 1 trims
    Mustang Mach-E RWD 2022: 1 trims
    Mustang Mach-E RWD Extended 2022: 1 trims
    Ranger 2WD 2022: 2 trims
    Ranger 4WD 2022: 2 trims
    Ranger Tremor 4WD 2022: 1 trims
    Transit Connect USPS 2022: 1 trims
    Transit Connect Van FFV 2022: 1 trims
    Transit Connect Van FWD 2022: 2 trims
    Transit Connect Wagon LWB FFV 2022: 1 trims
    Transit Connect Wagon LWB FWD 2022: 2 trims
    Transit T150 Wagon 2WD FFV 2022: 1 trims
    Transit T150 Wagon 4WD FFV 2022: 1 trims
Ford 2023: 28 models
    Bronco 4WD 2023: 3 trims
    Bronco Badlands 4WD 2023: 3 trims
    Bronco Black Diamond 4WD 2023: 3 trims
    Bronco Raptor 4WD 2023: 1 trims
    Bronco Sasquatch 4WD 2023: 3 trims
    Bronco Sport 4WD 2023: 2 trims
    Edge AWD 2023: 3 trims
    Escape AWD 2023: 2 trims
    Escape AWD HEV 2023: 1 trims
    Escape FWD 2023: 1 trims
    Escape FWD HEV 2023: 1 trims
    Escape FWD PHEV 2023: 1 trims
    Expedition 2WD 2023: 2 trims
    Expedition 4WD 2023: 2 trims
    Expedition Timberline AWD 2023: 2 trims
    Explorer AWD 2023: 6 trims
    Explorer FFV AWD 2023: 1 trims
    Explorer HEV AWD 2023: 1 trims
    Explorer HEV RWD 2023: 1 trims
    Explorer Platinum HEV AWD 2023: 1 trims
    Explorer Platinum HEV RWD 2023: 1 trims
    Explorer RWD 2023: 4 trims
    Explorer Timberline AWD 2023: 2 trims
    F-150 Lightning 4WD 2023: 1 trims
    F-150 Lightning 4WD Extended Range 2023: 1 trims
    F-150 Lightning Platinum 4WD 2023: 1 trims
    Maverick AWD 2023: 1 trims
    Maverick FWD 2023: 1 trims
    Maverick HEV FWD 2023: 1 trims
    Maverick Tremor AWD 2023: 1 trims
    Mustang 2023: 5 trims
    Mustang Convertible 2023: 4 trims
    Mustang HO Convertible 2023: 2 trims
    Mustang HO Coupe 2023: 2 trims
    Mustang Mach 1 2023: 2 trims
    Mustang Mach-E AWD 2023: 1 trims
    Mustang Mach-E AWD Extended 2023: 1 trims
    MUSTANG MACH-E CAL RT 1 ER AWD 2023: 1 trims
    Mustang Mach-E GT 2023: 1 trims
    Mustang Mach-E GT Performance 2023: 1 trims
    Mustang Mach-E RWD 2023: 1 trims
    Mustang Mach-E RWD Extended 2023: 1 trims
    Mustang Mach-E RWD LFP 2023: 1 trims
    Ranger 2WD 2023: 2 trims
    Ranger 4WD 2023: 2 trims
    Ranger Tremor 4WD 2023: 1 trims
    Transit Connect Van FWD 2023: 1 trims
    Transit Connect Wagon LWB FWD 2023: 1 trims
Ford 2024: 28 models
    Bronco 4WD 2024: 3 trims
    Bronco Badlands 4WD 2024: 2 trims
    Bronco Black Diamond 4WD 2024: 3 trims
    Bronco Raptor 4WD 2024: 1 trims
    Bronco Sasquatch 4WD 2024: 3 trims
    Bronco Sport 4WD 2024: 2 trims
    Edge AWD 2024: 3 trims
    Escape AWD 2024: 2 trims
    Escape AWD HEV 2024: 1 trims
    Escape FWD 2024: 1 trims
    Escape FWD HEV 2024: 1 trims
    Expedition 2WD 2024: 1 trims
    Expedition 4WD 2024: 1 trims
    Expedition Timberline AWD 2024: 1 trims
    Explorer AWD 2024: 3 trims
    Explorer FFV AWD 2024: 1 trims
    Explorer RWD 2024: 3 trims
    Explorer Timberline AWD 2024: 1 trims
    F-150 Lightning 4WD 2024: 1 trims
    F-150 Lightning 4WD Extended Range 2024: 1 trims
    F-150 Lightning Platinum 4WD 2024: 1 trims
    F-150 Lightning PRO 4WD Extended Range 2024: 1 trims
    Maverick AWD 2024: 1 trims
    Maverick FWD 2024: 1 trims
    Maverick HEV FWD 2024: 1 trims
    Maverick Tremor AWD 2024: 1 trims
    Mustang 2024: 5 trims
    Mustang Dark Horse 2024: 2 trims
    Mustang Mach-E AWD 2024: 1 trims
    Mustang Mach-E AWD Extended 2024: 1 trims
    Mustang Mach-E GT 2024: 1 trims
    Mustang Mach-E Rally 2024: 1 trims
    Mustang Mach-E RWD 2024: 1 trims
    Mustang Mach-E RWD Extended 2024: 1 trims
    Mustang Performance Package 2024: 1 trims
    Ranger 2WD 2024: 1 trims
    Ranger 4WD 2024: 2 trims
    Ranger RAPTOR 4WD 2024: 1 trims
Ford 2025: 29 models
    Bronco 4WD 2025: 4 trims
    Bronco Badlands 4WD 2025: 2 trims
    Bronco Outer Banks 4WD 2025: 1 trims
    Bronco Raptor 4WD 2025: 1 trims
    Bronco Sasquatch 4WD 2025: 2 trims
    Bronco Sport 4WD 2025: 2 trims
    Bronco Sport Sasquatch 4WD 2025: 1 trims
    Escape AWD 2025: 2 trims
    Escape AWD HEV 2025: 1 trims
    Escape FWD 2025: 1 trims
    Escape FWD HEV 2025: 1 trims
    Escape FWD PHEV 2025: 1 trims
    Expedition 2WD 2025: 1 trims
    Expedition 4WD 2025: 1 trims
    Explorer AWD 2025: 3 trims
    Explorer RWD 2025: 3 trims
    F-150 Lightning 4WD ER1 2025: 1 trims
    F-150 Lightning 4WD ER2 2025: 1 trims
    F-150 Lightning 4WD PRO ER1 2025: 1 trims
    F-150 Lightning 4WD SR 2025: 1 trims
    F-150 Lightning Platinum 4WD 2025: 1 trims
    Maverick AWD 2025: 1 trims
    Maverick HEV AWD 2025: 1 trims
    Maverick HEV FWD 2025: 1 trims
    Maverick Lobo AWD 2025: 1 trims
    Maverick Tremor AWD 2025: 1 trims
    Mustang 2025: 3 trims
    Mustang Dark Horse 2025: 2 trims
    Mustang GTD 2025: 1 trims
    Mustang Mach-E AWD 2025: 1 trims
    Mustang Mach-E AWD Extended 2025: 1 trims
    Mustang Mach-E GT 2025: 1 trims
    Mustang Mach-E Rally 2025: 1 trims
    Mustang Mach-E RWD 2025: 1 trims
    Mustang Mach-E RWD Extended 2025: 1 trims
    Ranger 2WD 2025: 1 trims
    Ranger 4WD 2025: 2 trims
    Ranger RAPTOR 4WD 2025: 1 trims
Ford 2026: 29 models
    Bronco 4WD 2026: 3 trims
    Bronco Badlands 4WD 2026: 2 trims
    Bronco Outer Banks 4WD 2026: 1 trims
    Bronco Raptor 4WD 2026: 1 trims
    Bronco Sasquatch 4WD 2026: 2 trims
    Bronco Sport 4WD 2026: 2 trims
    Bronco Sport Sasquatch 4WD 2026: 1 trims
    Escape AWD 2026: 2 trims
    Escape AWD HEV 2026: 1 trims
    Escape FWD 2026: 1 trims
    Escape FWD PHEV 2026: 1 trims
    Expedition 2WD 2026: 1 trims
    Expedition 4WD 2026: 1 trims
    Explorer AWD 2026: 2 trims
    Explorer RWD 2026: 2 trims
    Explorer Tremor AWD 2026: 2 trims
    Maverick AWD 2026: 1 trims
    Maverick FWD 2026: 1 trims
    Maverick HEV AWD 2026: 1 trims
    Maverick HEV FWD 2026: 1 trims
    Maverick Lariat HEV AWD 2026: 1 trims
    Maverick Lobo AWD 2026: 1 trims
    Maverick Tremor AWD 2026: 1 trims
    Mustang 2026: 3 trims
    Mustang Dark Horse 2026: 2 trims
    Mustang GTD 2026: 1 trims
    Mustang Mach-E AWD 2026: 1 trims
    Mustang Mach-E AWD Extended 2026: 1 trims
    Mustang Mach-E GT 2026: 1 trims
    Mustang Mach-E Rally 2026: 1 trims
    Mustang Mach-E RWD 2026: 1 trims
    Mustang Mach-E RWD Extended 2026: 1 trims
    Ranger 2WD 2026: 1 trims
    Ranger 4WD 2026: 2 trims
    Ranger RAPTOR 4WD 2026: 1 trims
Chevrolet 2015: 24 models
    Camaro 2015: 8 trims
    City Express Cargo Van 2015: 1 trims
    Colorado 2WD 2015: 3 trims
    Colorado 4WD 2015: 2 trims
    Colorado Cab Chassis 2WD 2015: 1 trims
    Corvette 2015: 4 trims
    Cruze 2015: 5 trims
    Cruze Eco 2015: 2 trims
    Equinox AWD 2015: 3 trims
    Equinox FWD 2015: 3 trims
    Express 2500 2WD Conversion Cargo 2015: 2 trims
    Express 2500 2WD Passenger 2015: 3 trims
    Express 3500 2WD Passenger 2015: 3 trims
    Impala 2015: 3 trims
    Impala Bi-Fuel  (CNG) 2015: 1 trims
    Impala Limited 2015: 1 trims
    Malibu 2015: 2 trims
    Silverado C15 2WD 2015: 4 trims
    Silverado C15 Cab Chassis 2WD 2015: 3 trims
    Silverado K15 4WD 2015: 4 trims
    Silverado K15 Cab Chassis 4WD 2015: 3 trims
    Sonic 2015: 4 trims
    Sonic 5 2015: 4 trims
    Sonic 5 RS 2015: 2 trims
    Sonic RS 2015: 2 trims
    Spark 2015: 2 trims
    Spark EV 2015: 1 trims
    SS 2015: 2 trims
    Suburban C1500 2WD 2015: 2 trims
    Suburban K1500 4WD 2015: 2 trims
    Tahoe C1500 2WD 2015: 2 trims
    Tahoe K1500 4WD 2015: 2 trims
    Traverse AWD 2015: 1 trims
    Traverse FWD 2015: 1 trims
    Trax 2015: 1 trims
    Trax AWD 2015: 1 trims
    Volt 2015: 1 trims
Chevrolet 2016: 27 models
    Camaro 2016: 6 trims
    City Express Cargo Van 2016: 1 trims
    Colorado 2WD 2016: 4 trims
    Colorado 4WD 2016: 3 trims
    Colorado Cab Chassis 2WD 2016: 1 trims
    Corvette 2016: 4 trims
    Cruze 2016: 2 trims
    Cruze Limited 2016: 4 trims
    Cruze Limited  Eco 2016: 2 trims
    Cruze Premier 2016: 1 trims
    Equinox AWD 2016: 3 trims
    Equinox FWD 2016: 3 trims
    Express 2500 2WD Passenger 2016: 1 trims
    Express 3500 2WD Passenger 2016: 1 trims
    Impala 2016: 3 trims
    Impala Bi-Fuel  (CNG) 2016: 1 trims
    Impala Limited 2016: 1 trims
    Malibu 2016: 2 trims
    Malibu Hybrid 2016: 1 trims
    Malibu Limited 2016: 1 trims
    Silverado 15 Hybrid 2WD 2016: 1 trims
    Silverado 15 Hybrid 4WD 2016: 1 trims
    Silverado C15 2WD 2016: 5 trims
    Silverado C15 Cab Chassis 2WD 2016: 1 trims
    Silverado K15 4WD 2016: 5 trims
    Silverado K15 Cab Chassis 4WD 2016: 1 trims
    Sonic 2016: 4 trims
    Sonic 5 2016: 4 trims
    Sonic 5 RS 2016: 2 trims
    Sonic RS 2016: 2 trims
    Spark 2016: 2 trims
    Spark EV 2016: 1 trims
    SS 2016: 2 trims
    Suburban C1500 2WD 2016: 2 trims
    Suburban K1500 4WD 2016: 2 trims
    Tahoe C1500 2WD 2016: 2 trims
    Tahoe K1500 4WD 2016: 2 trims
    Traverse AWD 2016: 1 trims
    Traverse FWD 2016: 1 trims
    Trax 2016: 1 trims
    Trax AWD 2016: 1 trims
    Volt 2016: 1 trims
Chevrolet 2017: 25 models
    Bolt EV 2017: 1 trims
    Camaro 2017: 8 trims
    City Express Cargo Van 2017: 1 trims
    Colorado 2WD 2017: 4 trims
    Colorado 4WD 2017: 3 trims
    Colorado Cab Chassis 2WD 2017: 1 trims
    Colorado ZR2 4WD 2017: 2 trims
    Corvette 2017: 4 trims
    Cruze 2017: 4 trims
    Cruze Hatchback 2017: 2 trims
    Cruze Premier 2017: 1 trims
    Cruze Premier Hatchback 2017: 1 trims
    Equinox AWD 2017: 3 trims
    Equinox FWD 2017: 3 trims
    Express 2500 2WD Passenger 2017: 1 trims
    Express 3500 2WD Passenger 2017: 1 trims
    Impala 2017: 3 trims
    Malibu 2017: 2 trims
    Malibu Hybrid 2017: 1 trims
    Silverado 15 Hybrid 2WD 2017: 1 trims
    Silverado 15 Hybrid 4WD 2017: 1 trims
    Silverado C15 2WD 2017: 5 trims
    Silverado C15 Cab Chassis 2WD 2017: 1 trims
    Silverado K15 4WD 2017: 5 trims
    Silverado K15 Cab Chassis 4WD 2017: 1 trims
    Sonic 2017: 4 trims
    Sonic 5 2017: 4 trims
    Spark 2017: 2 trims
    Spark ACTIV 2017: 2 trims
    SS 2017: 2 trims
    Suburban C1500 2WD 2017: 2 trims
    Suburban K1500 4WD 2017: 2 trims
    Tahoe C1500 2WD 2017: 2 trims
    Tahoe K1500 4WD 2017: 2 trims
    Traverse AWD 2017: 1 trims
    Traverse FWD 2017: 1 trims
    Trax 2017: 1 trims
    Trax AWD 2017: 1 trims
    Volt 2017: 1 trims
Chevrolet 2018: 25 models
    Bolt EV 2018: 1 trims
    Camaro 2018: 8 trims
    City Express Cargo Van 2018: 1 trims
    Colorado 2WD 2018: 4 trims
    Colorado 4WD 2018: 3 trims
    Colorado Cab Chassis 2WD 2018: 1 trims
    Colorado ZR2 4WD 2018: 2 trims
    Corvette 2018: 4 trims
    Cruze 2018: 4 trims
    Cruze Hatchback 2018: 4 trims
    Cruze Premier 2018: 1 trims
    Cruze Premier Hatchback 2018: 1 trims
    Equinox AWD 2018: 3 trims
    Equinox FWD 2018: 3 trims
    Impala 2018: 3 trims
    Malibu 2018: 2 trims
    Malibu Hybrid 2018: 1 trims
    Silverado 15 Hybrid 2WD 2018: 1 trims
    Silverado 15 Hybrid 4WD 2018: 1 trims
    Silverado C15 2WD 2018: 5 trims
    Silverado C15 Cab Chassis 2WD 2018: 1 trims
    Silverado K15 4WD 2018: 5 trims
    Silverado K15 Cab Chassis 4WD 2018: 1 trims
    Sonic 2018: 4 trims
    Sonic 5 2018: 4 trims
    Spark 2018: 2 trims
    Spark ACTIV 2018: 2 trims
    Suburban C1500 2WD 2018: 2 trims
    Suburban K1500 4WD 2018: 2 trims
    Tahoe C1500 2WD 2018: 3 trims
    Tahoe K1500 4WD 2018: 3 trims
    Traverse AWD 2018: 1 trims
    Traverse FWD 2018: 2 trims
    Trax 2018: 1 trims
    Trax AWD 2018: 1 trims
    Volt 2018: 1 trims
Chevrolet 2019: 27 models
    Blazer AWD 2019: 1 trims
    Blazer FWD 2019: 2 trims
    Bolt EV 2019: 1 trims
    Camaro 2019: 8 trims
    Colorado 2WD 2019: 4 trims
    Colorado 4WD 2019: 3 trims
    Colorado Cab Chassis 2WD 2019: 1 trims
    Colorado ZR2 4WD 2019: 2 trims
    Corvette 2019: 2 trims
    Corvette Z06 2019: 2 trims
    Corvette ZR1 2019: 2 trims
    Cruze 2019: 3 trims
    Cruze Hatchback 2019: 2 trims
    Cruze Premier 2019: 1 trims
    Cruze Premier Hatchback 2019: 1 trims
    Equinox AWD 2019: 3 trims
    Equinox FWD 2019: 3 trims
    Impala 2019: 3 trims
    Malibu 2019: 2 trims
    Malibu Hybrid 2019: 1 trims
    Silverado C10 2WD 2019: 6 trims
    Silverado C10 Cab Chassis 2WD 2019: 2 trims
    Silverado C10 XFE 2WD 2019: 1 trims
    Silverado K10 4WD 2019: 7 trims
    Silverado K10 4WD TrailBoss 2019: 3 trims
    Silverado K10 Cab Chassis 4WD 2019: 2 trims
    Silverado LD C15 2WD 2019: 1 trims
    Silverado LD K15 4WD 2019: 1 trims
    Sonic 2019: 2 trims
    Sonic 5 2019: 2 trims
    Spark 2019: 2 trims
    Spark ACTIV 2019: 2 trims
    Suburban C1500 2WD 2019: 3 trims
    Suburban K1500 4WD 2019: 3 trims
    Tahoe C1500 2WD 2019: 3 trims
    Tahoe K1500 4WD 2019: 3 trims
    Traverse AWD 2019: 1 trims
    Traverse FWD 2019: 2 trims
    Trax 2019: 1 trims
    Trax AWD 2019: 1 trims
    Volt 2019: 1 trims
Chevrolet 2020: 26 models
    Blazer AWD 2020: 2 trims
    Blazer FWD 2020: 3 trims
    Bolt EV 2020: 1 trims
    Camaro 2020: 8 trims
    Colorado 2WD 2020: 3 trims
    Colorado 4WD 2020: 3 trims
    Colorado ZR2 4WD 2020: 2 trims
    Corvette 2020: 1 trims
    Equinox AWD 2020: 2 trims
    Equinox FWD 2020: 2 trims
    Impala 2020: 2 trims
    Malibu 2020: 2 trims
    Silverado 2WD 2020: 8 trims
    Silverado 4WD 2020: 9 trims
    Silverado 4WD TrailBoss 2020: 6 trims
    Silverado Cab Chassis 2WD 2020: 2 trims
    Silverado Cab Chassis 4WD 2020: 2 trims
    Sonic 2020: 1 trims
    Sonic 5 2020: 1 trims
    Spark 2020: 2 trims
    Spark ACTIV 2020: 2 trims
    Suburban C1500 2WD 2020: 3 trims
    Suburban K1500 4WD 2020: 3 trims
    Tahoe C1500 2WD 2020: 3 trims
    Tahoe K1500 4WD 2020: 3 trims
    Traverse AWD 2020: 1 trims
    Traverse FWD 2020: 1 trims
    Trax AWD 2020: 1 trims
    Trax FWD 2020: 1 trims
Chevrolet 2021: 27 models
    Blazer AWD 2021: 2 trims
    Blazer FWD 2021: 3 trims
    Bolt EV 2021: 1 trims
    Camaro 2021: 8 trims
    Colorado 2WD 2021: 3 trims
    Colorado 4WD 2021: 3 trims
    Colorado ZR2 4WD 2021: 2 trims
    Corvette 2021: 1 trims
    Equinox AWD 2021: 1 trims
    Equinox FWD 2021: 1 trims
    Malibu 2021: 2 trims
    Silverado 2WD 2021: 9 trims
    Silverado 4WD 2021: 13 trims
    Silverado 4WD TrailBoss 2021: 8 trims
    Silverado Cab Chassis 2WD 2021: 3 trims
    Silverado Cab Chassis 4WD 2021: 3 trims
    Spark 2021: 2 trims
    Spark ACTIV 2021: 2 trims
    Suburban 2WD 2021: 5 trims
    Suburban 4WD 2021: 5 trims
    Tahoe 2WD 2021: 5 trims
    Tahoe 4WD 2021: 5 trims
    Trailblazer AWD 2021: 1 trims
    Trailblazer FWD 2021: 2 trims
    Traverse AWD 2021: 1 trims
    Traverse FWD 2021: 1 trims
    Trax AWD 2021: 2 trims
    Trax FWD 2021: 2 trims
Chevrolet 2022: 30 models
    Blazer AWD 2022: 2 trims
    Blazer FWD 2022: 2 trims
    Bolt EUV 2022: 1 trims
    Bolt EV 2022: 1 trims
    Camaro 2022: 8 trims
    Colorado 2WD 2022: 3 trims
    Colorado 4WD 2022: 3 trims
    Colorado ZR2 4WD 2022: 2 trims
    Corvette 2022: 1 trims
    Equinox AWD 2022: 1 trims
    Equinox FWD 2022: 1 trims
    Malibu 2022: 2 trims
    Silverado 2WD 2022: 8 trims
    Silverado 4WD 2022: 15 trims
    Silverado 4WD ZR2 2022: 1 trims
    Silverado Cab Chassis 2WD 2022: 2 trims
    Silverado Cab Chassis 4WD 2022: 3 trims
    Silverado Mud Terrain Tires 4WD 2022: 9 trims
    Spark 2022: 2 trims
    Spark ACTIV 2022: 2 trims
    Suburban 2WD 2022: 5 trims
    Suburban 4WD 2022: 5 trims
    Tahoe 2WD 2022: 5 trims
    Tahoe 4WD 2022: 5 trims
    Trailblazer AWD 2022: 1 trims
    Trailblazer FWD 2022: 2 trims
    Traverse AWD 2022: 1 trims
    Traverse FWD 2022: 1 trims
    Trax AWD 2022: 1 trims
    Trax FWD 2022: 1 trims
Chevrolet 2023: 30 models
    Blazer AWD 2023: 2 trims
    Blazer FWD 2023: 2 trims
    Bolt EUV 2023: 1 trims
    Bolt EV 2023: 1 trims
    Camaro 2023: 8 trims
    Colorado 2WD 2023: 2 trims
    Colorado 4WD 2023: 2 trims
    Colorado Mud Terrain Tires 4WD 2023: 1 trims
    Colorado ZR2 4WD 2023: 1 trims
    Corvette 2023: 1 trims
    Corvette Z06 2023: 1 trims
    Corvette Z06 Carbon Aero 2023: 1 trims
    Equinox AWD 2023: 1 trims
    Equinox FWD 2023: 1 trims
    Malibu 2023: 1 trims
    Silverado 2WD 2023: 7 trims
    Silverado 4WD 2023: 9 trims
    Silverado 4WD ZR2 2023: 1 trims
    Silverado Cab Chassis 2WD 2023: 1 trims
    Silverado Cab Chassis 4WD 2023: 1 trims
    Silverado Mud Terrain Tires 4WD 2023: 6 trims
    Suburban 2WD 2023: 3 trims
    Suburban 4WD 2023: 3 trims
    Tahoe 2WD 2023: 3 trims
    Tahoe 4WD 2023: 4 trims
    Trailblazer AWD 2023: 1 trims
    Trailblazer FWD 2023: 2 trims
    Traverse AWD 2023: 1 trims
    Traverse FWD 2023: 1 trims
Chevrolet 2024: 30 models
    Blazer AWD 2024: 2 trims
    Blazer EV AWD 2024: 1 trims
    Blazer EV RWD 2024: 1 trims
    Blazer FWD 2024: 2 trims
    Camaro 2024: 6 trims
    Colorado 2WD 2024: 2 trims
    Colorado 4WD 2024: 2 trims
    Colorado Mud Terrain Tires 4WD 2024: 1 trims
    Colorado ZR2 4WD 2024: 1 trims
    Colorado ZR2 Bison 4WD 2024: 1 trims
    Corvette 2024: 1 trims
    Corvette E-RAY 2024: 1 trims
    Corvette Z06 2024: 1 trims
    Corvette Z06 Carbon Aero 2024: 1 trims
    Equinox AWD 2024: 1 trims
    Equinox EV AWD 2024: 1 trims
    Equinox EV FWD 2024: 1 trims
    Equinox FWD 2024: 1 trims
    Malibu 2024: 1 trims
    Silverado 2WD 2024: 7 trims
    Silverado 4WD 2024: 9 trims
    Silverado 4WD ZR2 2024: 2 trims
    Silverado Cab Chassis 2WD 2024: 1 trims
    Silverado Cab Chassis 4WD 2024: 1 trims
    Silverado EV 2024: 2 trims
    Silverado Mud Terrain Tires 4WD 2024: 9 trims
    Suburban 2WD 2024: 3 trims
    Suburban 4WD 2024: 3 trims
    Tahoe 2WD 2024: 3 trims
    Tahoe 4WD 2024: 4 trims
    Trailblazer AWD 2024: 1 trims
    Trailblazer FWD 2024: 1 trims
    Traverse AWD 2024: 1 trims
    Traverse FWD 2024: 1 trims
    Traverse Limited AWD 2024: 1 trims
    Traverse Limited FWD 2024: 1 trims
    Trax 2024: 1 trims
Chevrolet 2025: 31 models
    Blazer AWD 2025: 2 trims
    Blazer EV AWD 2025: 1 trims
    Blazer EV AWD SS 2025: 1 trims
    Blazer EV FWD 2025: 1 trims
    Blazer EV FWD 22 inch tire 2025: 1 trims
    Blazer EV RWD 2025: 1 trims
    Blazer FWD 2025: 2 trims
    Colorado 2WD 2025: 1 trims
    Colorado 4WD 2025: 1 trims
    Colorado Mud Terrain Tires 4WD 2025: 1 trims
    Colorado ZR2 4WD 2025: 1 trims
    Colorado ZR2 Bison 4WD 2025: 1 trims
    Corvette 2025: 1 trims
    Corvette E-Ray 2025: 1 trims
    Corvette Z06 2025: 1 trims
    Corvette Z06 Carbon Aero 2025: 1 trims
    Corvette ZR1 2025: 1 trims
    Equinox AWD 2025: 1 trims
    Equinox EV AWD (11 kW Charger) 2025: 1 trims
    Equinox EV AWD (19 kW Charger) 2025: 1 trims
    Equinox EV FWD 2025: 1 trims
    Equinox FWD 2025: 1 trims
    Malibu 2025: 1 trims
    Silverado 2WD 2025: 5 trims
    Silverado 4WD 2025: 9 trims
    Silverado 4WD ZR2 2025: 2 trims
    Silverado Cab Chassis 2WD 2025: 1 trims
    Silverado Cab Chassis 4WD 2025: 1 trims
    Silverado EV (11 kW Charger) 2025: 1 trims
    Silverado EV (19 kW Charger) 2025: 1 trims
    Silverado EV 2WT 2025: 1 trims
    Silverado EV 5WT (11 kW Charger) 2025: 1 trims
    Silverado EV 5WT (19 kW Charger) 2025: 1 trims
    Silverado EV 8WT 2025: 1 trims
    Silverado Mud Terrain Tires 4WD 2025: 9 trims
    Suburban 2WD 2025: 3 trims
    Suburban 4WD 2025: 3 trims
    Tahoe 2WD 2025: 3 trims
    Tahoe 4WD 2025: 4 trims
    Trailblazer AWD 2025: 1 trims
    Trailblazer FWD 2025: 2 trims
    Traverse AWD 2025: 1 trims
    Traverse FWD 2025: 1 trims
    Trax 2025: 2 trims
Chevrolet 2026: 31 models
    Blazer AWD 2026: 2 trims
    Blazer EV AWD 2026: 1 trims
    Blazer EV AWD SS 2026: 1 trims
    Blazer EV FWD 2026: 1 trims
    Blazer EV FWD 22 inch tire 2026: 1 trims
    Blazer FWD 2026: 2 trims
    Colorado 2WD 2026: 1 trims
    Colorado 4WD 2026: 1 trims
    Colorado Mud Terrain Tires 4WD 2026: 1 trims
    Colorado ZR2 4WD 2026: 1 trims
    Colorado ZR2 Bison 4WD 2026: 1 trims
    Corvette 2026: 1 trims
    Corvette E-Ray 2026: 1 trims
    Corvette Z06 2026: 1 trims
    Corvette Z06 Carbon Aero 2026: 1 trims
    Corvette ZR1 2026: 1 trims
    Corvette ZR1X 2026: 1 trims
    Equinox AWD 2026: 1 trims
    Equinox EV AWD (11 kW Charger) 2026: 1 trims
    Equinox EV AWD (19 kW Charger) 2026: 1 trims
    Equinox EV FWD 2026: 1 trims
    Equinox FWD 2026: 1 trims
    Silverado (with Sport Mode) 2WD 2026: 2 trims
    Silverado (with Sport Mode) 4WD 2026: 2 trims
    Silverado (with Sport Mode) 4WD M6 2026: 1 trims
    Silverado 2WD 2026: 3 trims
    Silverado 4WD 2026: 3 trims
    Silverado 4WD  (Flex Fuel) 2026: 1 trims
    Silverado 4WD 4M 2026: 1 trims
    Silverado 4WD ZR2 2026: 1 trims
    Silverado 4WD ZR2 (Sport/Off Road) 2026: 1 trims
    Silverado Cab Chassis 2WD 2026: 1 trims
    Silverado Cab Chassis 4WD 2026: 1 trims
    Silverado EV 14-mod battery, 11kW 15-mode charger 2026: 1 trims
    Silverado EV 14-mod battery, 11kW 6-mode charger 2026: 1 trims
    Silverado EV 20-mod battery, 11kW 15-mode charger 2026: 1 trims
    Silverado EV 20-mod battery, 19kW 15-mode charger 2026: 1 trims
    Silverado EV 20-mod battery, 19kW 6-mode charger 2026: 1 trims
    Silverado EV 24-mod battery, 19kW 6-mode charger 2026: 1 trims
    Silverado Mud Terrain Tires (Sport Mode) 4WD 2026: 1 trims
    Silverado Mud Terrain Tires (with Sport Mode) 4WD 2026: 1 trims
    Silverado Mud Terrain Tires 4WD 2026: 3 trims
    Silverado Mud Terrain Tires 4WD  (Flex Fuel) 2026: 1 trims
    Silverado Mud Terrain Tires 4WD (Sport/off road) 2026: 1 trims
    Silverado Mud Terrain Tires 4WD 4M 2026: 1 trims
    Suburban 2WD 2026: 3 trims
    Suburban 4WD 2026: 3 trims
    Tahoe 2WD 2026: 3 trims
    Tahoe 4WD 2026: 3 trims
    Trailblazer AWD 2026: 1 trims
    Trailblazer FWD 2026: 1 trims
    Trailblazer FWD (Flex Fuel) 2026: 1 trims
    Traverse AWD 2026: 1 trims
    Traverse FWD 2026: 1 trims
    Trax 2026: 1 trims
    Trax (Flex Fuel) 2026: 1 trims
Nissan 2015: 18 models
    370Z 2015: 2 trims
    370Z Roadster 2015: 2 trims
    Altima 2015: 2 trims
    Armada 2WD 2015: 2 trims
    Armada 4WD 2015: 2 trims
    Frontier 2WD 2015: 4 trims
    Frontier 4WD 2015: 2 trims
    GT-R 2015: 1 trims
    Juke 2015: 2 trims
    Juke AWD 2015: 1 trims
    Juke Nismo RS 2015: 1 trims
    Juke Nismo RS AWD 2015: 1 trims
    Leaf 2015: 1 trims
    Murano AWD 2015: 1 trims
    Murano FWD 2015: 1 trims
    NV200 Cargo Van 2015: 1 trims
    NV200 NYC Taxi 2015: 1 trims
    Pathfinder 2WD 2015: 1 trims
    Pathfinder 4WD 2015: 1 trims
    Pathfinder 4WD Platinum 2015: 1 trims
    Pathfinder Hybrid 2WD 2015: 1 trims
    Pathfinder Hybrid 4WD 2015: 1 trims
    Quest 2015: 1 trims
    Rogue AWD 2015: 1 trims
    Rogue FWD 2015: 1 trims
    Rogue Select AWD 2015: 1 trims
    Rogue Select FWD 2015: 1 trims
    Sentra 2015: 2 trims
    Sentra FE 2015: 1 trims
    Titan 2WD 2015: 2 trims
    Titan 4WD 2015: 2 trims
    Versa 2015: 3 trims
    Xterra 2WD 2015: 1 trims
    Xterra 4WD 2015: 2 trims
Nissan 2016: 17 models
    370Z 2016: 2 trims
    370Z Roadster 2016: 2 trims
    Altima 2016: 2 trims
    Altima SR 2016: 1 trims
    Frontier 2WD 2016: 4 trims
    Frontier 4WD 2016: 2 trims
    GT-R 2016: 1 trims
    Juke 2016: 2 trims
    Juke AWD 2016: 1 trims
    Juke Nismo RS 2016: 1 trims
    Juke Nismo RS AWD 2016: 1 trims
    Leaf (24 kW-hr battery pack) 2016: 1 trims
    Leaf (30 kW-hr battery pack) 2016: 1 trims
    Maxima 2016: 1 trims
    Murano AWD 2016: 1 trims
    Murano FWD 2016: 1 trims
    Murano Hybrid AWD 2016: 1 trims
    Murano Hybrid FWD 2016: 1 trims
    NV200 Cargo Van 2016: 1 trims
    NV200 NYC Taxi 2016: 1 trims
    Pathfinder 2WD 2016: 1 trims
    Pathfinder 4WD 2016: 1 trims
    Pathfinder 4WD Platinum 2016: 1 trims
    Quest 2016: 1 trims
    Rogue AWD 2016: 1 trims
    Rogue FWD 2016: 1 trims
    Sentra 2016: 2 trims
    Sentra FE 2016: 1 trims
    Versa 2016: 3 trims
Nissan 2017: 19 models
    370Z 2017: 2 trims
    370Z Roadster 2017: 2 trims
    Altima 2017: 2 trims
    Altima SR 2017: 1 trims
    Armada 2WD 2017: 1 trims
    Armada 4WD 2017: 1 trims
    Frontier 2WD 2017: 4 trims
    Frontier 2WD FFV 2017: 1 trims
    Frontier 4WD 2017: 2 trims
    Frontier 4WD FFV 2017: 1 trims
    GT-R 2017: 1 trims
    Juke 2017: 2 trims
    Juke AWD 2017: 1 trims
    Juke Nismo RS 2017: 1 trims
    Juke Nismo RS AWD 2017: 1 trims
    Leaf 2017: 1 trims
    Maxima 2017: 1 trims
    Murano AWD 2017: 1 trims
    Murano FWD 2017: 1 trims
    NV200 Cargo Van 2017: 1 trims
    NV200 NYC Taxi 2017: 1 trims
    Pathfinder 2WD 2017: 1 trims
    Pathfinder 4WD 2017: 1 trims
    Pathfinder 4WD Platinum 2017: 1 trims
    Quest 2017: 1 trims
    Rogue AWD 2017: 1 trims
    Rogue FWD 2017: 1 trims
    Rogue Hybrid  AWD 2017: 1 trims
    Rogue Hybrid  FWD 2017: 1 trims
    Rogue Sport AWD 2017: 1 trims
    Rogue Sport FWD 2017: 1 trims
    Sentra 2017: 4 trims
    Sentra Nismo 2017: 2 trims
    Titan 2WD 2017: 1 trims
    Titan 4WD 2017: 1 trims
    Titan 4WD  PRO4X 2017: 1 trims
    Versa 2017: 3 trims
Nissan 2018: 19 models
    370Z 2018: 2 trims
    370Z Roadster 2018: 2 trims
    Altima 2018: 2 trims
    Altima SR 2018: 1 trims
    Armada 2WD 2018: 1 trims
    Armada 4WD 2018: 1 trims
    Frontier 2WD 2018: 4 trims
    Frontier 2WD FFV 2018: 1 trims
    Frontier 4WD 2018: 2 trims
    Frontier 4WD FFV 2018: 1 trims
    GT-R 2018: 1 trims
    Kicks 2018: 1 trims
    Leaf 2018: 1 trims
    Maxima 2018: 1 trims
    Murano AWD 2018: 1 trims
    Murano FWD 2018: 1 trims
    NV200 Cargo Van 2018: 1 trims
    NV200 NYC Taxi 2018: 1 trims
    Pathfinder 2WD 2018: 1 trims
    Pathfinder 4WD 2018: 1 trims
    Pathfinder 4WD Platinum 2018: 1 trims
    Rogue AWD 2018: 1 trims
    Rogue FWD 2018: 1 trims
    Rogue Hybrid  AWD 2018: 1 trims
    Rogue Hybrid  FWD 2018: 1 trims
    Rogue Sport AWD 2018: 1 trims
    Rogue Sport FWD 2018: 1 trims
    Sentra 2018: 4 trims
    Sentra Nismo 2018: 2 trims
    Titan 2WD 2018: 1 trims
    Titan 4WD 2018: 1 trims
    Titan 4WD PRO4X 2018: 1 trims
    Versa 2018: 3 trims
Nissan 2019: 18 models
    370Z 2019: 2 trims
    370Z Roadster 2019: 1 trims
    Altima 2019: 1 trims
    Altima AWD 2019: 1 trims
    Altima AWD SR/Platinum 2019: 1 trims
    Altima SR/Platinum 2019: 2 trims
    Armada 2WD 2019: 1 trims
    Armada 4WD 2019: 1 trims
    Frontier 2WD 2019: 4 trims
    Frontier 2WD FFV 2019: 1 trims
    Frontier 4WD 2019: 2 trims
    Frontier 4WD FFV 2019: 1 trims
    GT-R 2019: 1 trims
    Kicks 2019: 1 trims
    Leaf (40 kW-hr battery pack) 2019: 1 trims
    Leaf (62 kW-hr battery pack) 2019: 1 trims
    Leaf SV/SL (62 kW-hr battery pack) 2019: 1 trims
    Maxima 2019: 1 trims
    Murano AWD 2019: 1 trims
    Murano FWD 2019: 1 trims
    NV200 Cargo Van 2019: 1 trims
    NV200 NYC Taxi 2019: 1 trims
    Pathfinder 2WD 2019: 1 trims
    Pathfinder 4WD 2019: 1 trims
    Pathfinder 4WD Platinum 2019: 1 trims
    Rogue AWD 2019: 1 trims
    Rogue FWD 2019: 1 trims
    Rogue Hybrid  AWD 2019: 1 trims
    Rogue Hybrid  FWD 2019: 1 trims
    Rogue Sport 2019: 1 trims
    Rogue Sport AWD 2019: 1 trims
    Sentra 2019: 3 trims
    Sentra Nismo 2019: 2 trims
    Titan 2WD 2019: 1 trims
    Titan 4WD 2019: 1 trims
    Titan 4WD PRO4X 2019: 1 trims
    Versa 2019: 2 trims
Nissan 2020: 18 models
    370Z 2020: 2 trims
    370Z Roadster 2020: 1 trims
    Altima 2020: 1 trims
    Altima AWD 2020: 1 trims
    Altima AWD SR/Platinum 2020: 1 trims
    Altima SR/Platinum 2020: 2 trims
    Armada 2WD 2020: 1 trims
    Armada 4WD 2020: 1 trims
    Frontier 2WD 2020: 1 trims
    Frontier 4WD 2020: 1 trims
    GT-R 2020: 1 trims
    Kicks 2020: 1 trims
    Leaf (40 kW-hr battery pack) 2020: 1 trims
    Leaf (62 kW-hr battery pack) 2020: 1 trims
    Leaf SV/SL (62 kW-hr battery pack) 2020: 1 trims
    Maxima 2020: 1 trims
    Murano AWD 2020: 1 trims
    Murano FWD 2020: 1 trims
    NV200 Cargo Van 2020: 1 trims
    Pathfinder 2WD 2020: 1 trims
    Pathfinder 4WD 2020: 1 trims
    Pathfinder 4WD Platinum 2020: 1 trims
    Rogue AWD 2020: 1 trims
    Rogue FWD 2020: 1 trims
    Rogue Sport 2020: 1 trims
    Rogue Sport AWD 2020: 1 trims
    Sentra 2020: 1 trims
    Sentra SR 2020: 1 trims
    Titan 2WD 2020: 1 trims
    Titan 4WD 2020: 1 trims
    Titan 4WD PRO4X 2020: 1 trims
    Versa 2020: 2 trims
Nissan 2021: 17 models
    370Z 2021: 1 trims
    Altima 2021: 1 trims
    Altima AWD 2021: 1 trims
    Altima AWD SR/Platinum 2021: 1 trims
    Altima SR 2021: 1 trims
    Altima SR/Platinum 2021: 1 trims
    Altima SV/SL 2021: 1 trims
    Armada 2WD 2021: 1 trims
    Armada 4WD 2021: 2 trims
    Frontier 2WD 2021: 1 trims
    Frontier 4WD 2021: 1 trims
    GT-R 2021: 1 trims
    Kicks 2021: 1 trims
    Leaf (40 kW-hr battery pack) 2021: 1 trims
    Leaf (62 kW-hr battery pack) 2021: 1 trims
    Leaf SV/SL (62 kW-hr battery pack) 2021: 1 trims
    Maxima 2021: 1 trims
    Murano AWD 2021: 1 trims
    Murano FWD 2021: 1 trims
    NV200 Cargo Van 2021: 1 trims
    Rogue AWD 2021: 2 trims
    Rogue AWD  SV/SL/Platinum 2021: 1 trims
    Rogue AWD SL/Platinum 2021: 1 trims
    Rogue FWD 2021: 2 trims
    Rogue FWD  SV/SL/Platinum 2021: 1 trims
    Rogue FWD SL/Platinum 2021: 1 trims
    Rogue Sport 2021: 1 trims
    Rogue Sport AWD 2021: 1 trims
    Sentra 2021: 1 trims
    Sentra SR 2021: 1 trims
    Titan 2WD 2021: 1 trims
    Titan 4WD 2021: 1 trims
    Titan 4WD PRO-4X 2021: 1 trims
    Versa 2021: 2 trims
Nissan 2022: 17 models
    Altima 2022: 1 trims
    Altima AWD 2022: 1 trims
    Altima AWD SR/Platinum 2022: 1 trims
    Altima SR 2022: 2 trims
    Altima SV/SL 2022: 1 trims
    Armada 2WD 2022: 1 trims
    Armada 4WD 2022: 2 trims
    Frontier 2WD 2022: 1 trims
    Frontier 4WD 2022: 1 trims
    Kicks 2022: 1 trims
    Leaf (40 kW-hr battery pack) 2022: 1 trims
    Leaf (62 kW-hr battery pack) 2022: 1 trims
    Leaf SV/SL (62 kW-hr battery pack) 2022: 1 trims
    Maxima 2022: 1 trims
    Murano AWD 2022: 1 trims
    Murano FWD 2022: 1 trims
    Pathfinder 2WD 2022: 1 trims
    Pathfinder 4WD 2022: 1 trims
    Pathfinder 4WD Platinum 2022: 1 trims
    Rogue AWD 2022: 1 trims
    Rogue AWD SL/Platinum 2022: 1 trims
    Rogue FWD 2022: 1 trims
    Rogue FWD SL/Platinum 2022: 1 trims
    Rogue Sport 2022: 1 trims
    Rogue Sport AWD 2022: 1 trims
    Sentra 2022: 1 trims
    Sentra SR 2022: 1 trims
    Titan 2WD 2022: 1 trims
    Titan 4WD 2022: 1 trims
    Titan 4WD PRO4X 2022: 1 trims
    Versa 2022: 2 trims
Nissan 2023: 17 models
    Altima 2023: 1 trims
    Altima AWD 2023: 1 trims
    Altima SL/SR 2023: 1 trims
    Altima SR 2023: 1 trims
    Armada 2WD 2023: 1 trims
    Armada 4WD 2023: 2 trims
    Frontier 2WD 2023: 2 trims
    Frontier 4WD 2023: 2 trims
    Frontier 4WD PRO4X 2023: 2 trims
    GT-R 2023: 1 trims
    Kicks 2023: 1 trims
    LEAF 2023: 1 trims
    LEAF SV 2023: 1 trims
    Maxima 2023: 1 trims
    Murano AWD 2023: 1 trims
    Murano FWD 2023: 1 trims
    Pathfinder 2WD 2023: 1 trims
    Pathfinder 4WD 2023: 1 trims
    Pathfinder 4WD Rock Creek 2023: 1 trims
    Pathfinder 4WD SL/Platinum 2023: 1 trims
    Rogue AWD 2023: 2 trims
    Rogue AWD SL/Platinum 2023: 2 trims
    Rogue FWD 2023: 2 trims
    Rogue FWD SL/Platinum 2023: 2 trims
    Sentra 2023: 1 trims
    Sentra SR 2023: 1 trims
    Titan 2WD 2023: 1 trims
    Titan 4WD 2023: 1 trims
    Titan 4WD PRO4X 2023: 1 trims
    Versa 2023: 2 trims
Nissan 2024: 16 models
    Altima 2024: 1 trims
    Altima AWD 2024: 1 trims
    Altima SL/SR 2024: 1 trims
    Altima SR 2024: 1 trims
    Armada 2WD 2024: 1 trims
    Armada 4WD 2024: 1 trims
    Frontier 2WD 2024: 1 trims
    Frontier 4WD 2024: 1 trims
    Frontier 4WD PRO4X 2024: 1 trims
    GT-R 2024: 1 trims
    Kicks 2024: 1 trims
    LEAF 2024: 1 trims
    LEAF SV 2024: 1 trims
    Murano AWD 2024: 1 trims
    Murano FWD 2024: 1 trims
    Pathfinder 2WD 2024: 1 trims
    Pathfinder 4WD 2024: 1 trims
    Pathfinder 4WD Platinum 2024: 1 trims
    Pathfinder 4WD Rock Creek 2024: 1 trims
    Rogue AWD 2024: 1 trims
    Rogue AWD SL/Platinum 2024: 1 trims
    Rogue FWD 2024: 1 trims
    Rogue FWD SL/Platinum 2024: 1 trims
    Sentra 2024: 1 trims
    Sentra SR 2024: 1 trims
    Titan 2WD 2024: 1 trims
    Titan 4WD 2024: 1 trims
    Titan 4WD PRO4X 2024: 1 trims
    Versa 2024: 2 trims
Nissan 2025: 17 models
    Altima 2025: 1 trims
    Altima AWD 2025: 1 trims
    Altima SL/SR 2025: 1 trims
    Armada 2WD 2025: 1 trims
    Armada 4WD 2025: 1 trims
    Armada 4WD PRO-4X 2025: 1 trims
    Frontier 2WD 2025: 1 trims
    Frontier 4WD 2025: 1 trims
    Frontier 4WD PRO4X 2025: 1 trims
    Kicks Play 2025: 1 trims
    LEAF 2025: 1 trims
    LEAF SV 2025: 1 trims
    Murano AWD 2025: 1 trims
    Murano FWD 2025: 1 trims
    Pathfinder 2WD 2025: 1 trims
    Pathfinder 4WD 2025: 1 trims
    Pathfinder 4WD Platinum 2025: 1 trims
    Pathfinder 4WD Rock Creek 2025: 1 trims
    Rogue AWD 2025: 1 trims
    Rogue AWD Rock Creek 2025: 1 trims
    Rogue AWD SL/Platinum 2025: 1 trims
    Rogue FWD 2025: 1 trims
    Rogue FWD SL/Platinum 2025: 1 trims
    Sentra 2025: 1 trims
    Sentra SR 2025: 1 trims
    Versa 2025: 2 trims
Nissan 2026: 17 models
    Altima 2026: 1 trims
    Altima AWD 2026: 1 trims
    Armada 2WD 2026: 1 trims
    Armada 4WD 2026: 1 trims
    Armada 4WD PRO-4X 2026: 1 trims
    Frontier 2WD 2026: 1 trims
    Frontier 4WD 2026: 1 trims
    Frontier 4WD PRO4X 2026: 1 trims
    LEAF 75kWh (18 inch alloy Wheels) 2026: 1 trims
    LEAF 75kWh (18 inch steel Wheels) 2026: 1 trims
    LEAF 75kWh (19 inch Wheels) 2026: 1 trims
    Murano AWD 2026: 1 trims
    Pathfinder 2WD 2026: 1 trims
    Pathfinder 4WD 2026: 1 trims
    Pathfinder 4WD Platinum 2026: 1 trims
    Pathfinder 4WD Rock Creek 2026: 1 trims
    Rogue AWD 2026: 1 trims
    Rogue AWD Rock Creek 2026: 1 trims
    Rogue FWD 2026: 1 trims
    Sentra (2-mode) 2026: 1 trims
    Sentra (3-mode) 2026: 1 trims
    Sentra SL/SR 2026: 1 trims
Hyundai 2015: 11 models
    Accent 2015: 2 trims
    Azera 2015: 1 trims
    Azera Limited 2015: 1 trims
    Elantra 2015: 4 trims
    Elantra Coupe 2015: 2 trims
    Elantra GT 2015: 2 trims
    Elantra Limited 2015: 1 trims
    Equus 2015: 1 trims
    Genesis AWD 2015: 1 trims
    Genesis Coupe 2015: 2 trims
    Genesis RWD 2015: 2 trims
    Santa Fe AWD 2015: 1 trims
    Santa Fe FWD 2015: 1 trims
    Santa Fe Sport AWD 2015: 2 trims
    Santa Fe Sport FWD 2015: 2 trims
    Santa Fe Sport Ultimate FWD 2015: 1 trims
    Santa Fe Ultimate AWD 2015: 1 trims
    Santa Fe Ultimate FWD 2015: 1 trims
    Sonata 2015: 3 trims
    Sonata Hybrid 2015: 1 trims
    Sonata Hybrid Limited 2015: 1 trims
    Sonata Limited 2015: 1 trims
    Sonata Sport Limited 2015: 1 trims
    Tucson 2WD 2015: 2 trims
    Tucson AWD 2015: 2 trims
    Tucson Fuel Cell 2015: 1 trims
    Veloster 2015: 4 trims
Hyundai 2016: 11 models
    Accent 2016: 2 trims
    Azera 2016: 1 trims
    Azera Limited 2016: 1 trims
    Elantra 2016: 4 trims
    Elantra GT 2016: 2 trims
    Elantra Limited 2016: 1 trims
    Equus 2016: 1 trims
    Genesis AWD 2016: 1 trims
    Genesis Coupe 2016: 2 trims
    Genesis RWD 2016: 2 trims
    Santa Fe AWD 2016: 1 trims
    Santa Fe FWD 2016: 1 trims
    Santa Fe Sport AWD 2016: 2 trims
    Santa Fe Sport FWD 2016: 2 trims
    Santa Fe Sport Ultimate FWD 2016: 1 trims
    Santa Fe Ultimate AWD 2016: 1 trims
    Santa Fe Ultimate FWD 2016: 1 trims
    Sonata 2016: 3 trims
    Sonata Hybrid 2016: 1 trims
    Sonata Hybrid SE 2016: 1 trims
    Sonata Limited 2016: 1 trims
    Sonata Plug-in Hybrid 2016: 1 trims
    Sonata Sport Limited 2016: 1 trims
    Tucson AWD 2016: 2 trims
    Tucson Eco AWD 2016: 1 trims
    Tucson Eco FWD 2016: 1 trims
    Tucson Fuel Cell 2016: 1 trims
    Tucson FWD 2016: 2 trims
    Veloster 2016: 4 trims
Hyundai 2017: 10 models
    Accent 2017: 2 trims
    Azera 2017: 1 trims
    Azera Limited 2017: 1 trims
    Elantra 2017: 5 trims
    Elantra GT 2017: 2 trims
    Elantra SE 2017: 1 trims
    Ioniq 2017: 1 trims
    Ioniq Blue 2017: 1 trims
    Ioniq Electric 2017: 1 trims
    Santa Fe AWD 2017: 1 trims
    Santa Fe FWD 2017: 1 trims
    Santa Fe Sport AWD 2017: 2 trims
    Santa Fe Sport FWD 2017: 2 trims
    Santa Fe Sport Ultimate AWD 2017: 1 trims
    Santa Fe Sport Ultimate FWD 2017: 1 trims
    Santa Fe Ultimate AWD 2017: 1 trims
    Santa Fe Ultimate FWD 2017: 1 trims
    Sonata 2017: 3 trims
    Sonata Hybrid 2017: 1 trims
    Sonata Hybrid SE 2017: 1 trims
    Sonata Limited 2017: 1 trims
    Sonata Plug-in Hybrid 2017: 1 trims
    Sonata Sport Limited 2017: 1 trims
    Tucson AWD 2017: 2 trims
    Tucson Eco AWD 2017: 1 trims
    Tucson Eco FWD 2017: 1 trims
    Tucson Fuel Cell 2017: 1 trims
    Tucson FWD 2017: 2 trims
    Veloster 2017: 4 trims
Hyundai 2018: 11 models
    Accent 2018: 2 trims
    Elantra 2018: 5 trims
    Elantra GT 2018: 4 trims
    Elantra SE 2018: 1 trims
    Ioniq 2018: 1 trims
    Ioniq Blue 2018: 1 trims
    Ioniq Electric 2018: 1 trims
    Ioniq Plug-in Hybrid 2018: 1 trims
    Kona AWD 2018: 2 trims
    Kona FWD 2018: 2 trims
    Santa Fe AWD 2018: 1 trims
    Santa Fe FWD 2018: 1 trims
    Santa Fe Sport AWD 2018: 2 trims
    Santa Fe Sport FWD 2018: 2 trims
    Santa Fe Sport Ultimate AWD 2018: 1 trims
    Santa Fe Sport Ultimate FWD 2018: 1 trims
    Santa Fe Ultimate AWD 2018: 1 trims
    Santa Fe Ultimate FWD 2018: 1 trims
    Sonata 2018: 3 trims
    Sonata Hybrid 2018: 1 trims
    Sonata Hybrid SE 2018: 1 trims
    Sonata Plug-in Hybrid 2018: 1 trims
    Sonata SE 2018: 1 trims
    Tucson AWD 2018: 3 trims
    Tucson FWD 2018: 3 trims
Hyundai 2019: 12 models
    Accent 2019: 2 trims
    Elantra 2019: 5 trims
    Elantra GT 2019: 3 trims
    Elantra SE 2019: 1 trims
    Ioniq 2019: 1 trims
    Ioniq Blue 2019: 1 trims
    Ioniq Electric 2019: 1 trims
    Ioniq Plug-in Hybrid 2019: 1 trims
    Kona AWD 2019: 2 trims
    Kona Electric 2019: 1 trims
    Kona FWD 2019: 2 trims
    Nexo 2019: 1 trims
    Nexo Blue 2019: 1 trims
    Santa Fe AWD 2019: 2 trims
    Santa Fe FWD 2019: 2 trims
    Santa Fe XL AWD 2019: 1 trims
    Santa Fe XL FWD 2019: 1 trims
    Santa Fe XL Ultimate AWD 2019: 1 trims
    Santa Fe XL Ultimate FWD 2019: 1 trims
    Sonata 2019: 3 trims
    Sonata Hybrid 2019: 1 trims
    Sonata Hybrid SE 2019: 1 trims
    Sonata Plug-in Hybrid 2019: 1 trims
    Sonata SE 2019: 1 trims
    Tucson AWD 2019: 2 trims
    Tucson FWD 2019: 2 trims
    Veloster 2019: 4 trims
    Veloster N 2019: 1 trims
Hyundai 2020: 14 models
    Accent 2020: 2 trims
    Elantra 2020: 4 trims
    Elantra GT 2020: 3 trims
    Elantra SE 2020: 1 trims
    Ioniq 2020: 1 trims
    Ioniq Blue 2020: 1 trims
    Ioniq Electric 2020: 1 trims
    Ioniq Plug-in Hybrid 2020: 1 trims
    Kona AWD 2020: 2 trims
    Kona Electric 2020: 1 trims
    Kona FWD 2020: 2 trims
    Nexo 2020: 1 trims
    Nexo Blue 2020: 1 trims
    Palisade AWD 2020: 1 trims
    Palisade FWD 2020: 1 trims
    Santa Fe AWD 2020: 2 trims
    Santa Fe FWD 2020: 2 trims
    Sonata 2020: 3 trims
    Sonata Hybrid 2020: 1 trims
    Sonata Hybrid Blue 2020: 1 trims
    Tucson AWD 2020: 2 trims
    Tucson FWD 2020: 2 trims
    Veloster 2020: 4 trims
    Veloster N 2020: 1 trims
    Venue 2020: 2 trims
Hyundai 2021: 13 models
    Accent 2021: 2 trims
    Elantra 2021: 4 trims
    Elantra Hybrid 2021: 1 trims
    Elantra Hybrid Blue 2021: 1 trims
    Ioniq 2021: 1 trims
    Ioniq Blue 2021: 1 trims
    Ioniq Electric 2021: 1 trims
    Ioniq Plug-in Hybrid 2021: 1 trims
    Kona AWD 2021: 2 trims
    Kona Electric 2021: 1 trims
    Kona FWD 2021: 2 trims
    Nexo 2021: 1 trims
    Nexo Blue 2021: 1 trims
    Palisade AWD 2021: 1 trims
    Palisade FWD 2021: 1 trims
    Santa Fe AWD 2021: 2 trims
    Santa Fe FWD 2021: 2 trims
    Santa Fe Hybrid 2021: 1 trims
    Santa Fe Hybrid Blue 2021: 1 trims
    Sonata 2021: 4 trims
    Sonata Hybrid 2021: 1 trims
    Sonata Hybrid Blue 2021: 1 trims
    Tucson AWD 2021: 2 trims
    Tucson FWD 2021: 2 trims
    Veloster 2021: 4 trims
    Veloster N 2021: 2 trims
    Venue 2021: 1 trims
Hyundai 2022: 16 models
    Accent 2022: 1 trims
    Elantra 2022: 4 trims
    Elantra Hybrid 2022: 1 trims
    Elantra Hybrid Blue 2022: 1 trims
    Elantra N 2022: 2 trims
    Ioniq 2022: 1 trims
    Ioniq 5 AWD (Long Range) 2022: 1 trims
    Ioniq 5 RWD (Long Range) 2022: 1 trims
    Ioniq 5 RWD (Standard Range) 2022: 1 trims
    Ioniq Blue 2022: 1 trims
    Ioniq Plug-in Hybrid 2022: 1 trims
    Kona AWD 2022: 2 trims
    Kona Electric 2022: 1 trims
    Kona FWD 2022: 2 trims
    Kona N 2022: 1 trims
    Nexo 2022: 1 trims
    Nexo Blue 2022: 1 trims
    Palisade AWD 2022: 1 trims
    Palisade FWD 2022: 1 trims
    Santa Cruz AWD 2022: 2 trims
    Santa Cruz FWD 2022: 1 trims
    Santa Fe AWD 2022: 2 trims
    Santa Fe FWD 2022: 2 trims
    Santa Fe Hybrid 2022: 1 trims
    Santa Fe Hybrid Blue 2022: 1 trims
    Santa Fe Plug-in Hybrid 2022: 1 trims
    Sonata 2022: 4 trims
    Sonata Hybrid 2022: 1 trims
    Sonata Hybrid Blue 2022: 1 trims
    Tucson AWD 2022: 1 trims
    Tucson FWD 2022: 1 trims
    Tucson Hybrid 2022: 1 trims
    Tucson Hybrid Blue 2022: 1 trims
    Tucson Plug-in Hybrid 2022: 1 trims
    Veloster N 2022: 2 trims
    Venue 2022: 1 trims
Hyundai 2023: 16 models
    Elantra 2023: 3 trims
    Elantra Hybrid 2023: 1 trims
    Elantra Hybrid Blue 2023: 1 trims
    Elantra N 2023: 2 trims
    Ioniq 6 Long range AWD (18 inch Wheels) 2023: 1 trims
    Ioniq 6 Long range AWD (20 inch Wheels) 2023: 1 trims
    Ioniq 6 Long range RWD (18 inch Wheels) 2023: 1 trims
    Ioniq 6 Long range RWD (20 inch Wheels) 2023: 1 trims
    Ioniq 6 Standard Range RWD 2023: 1 trims
    Kona AWD 2023: 2 trims
    Kona Electric 2023: 1 trims
    Kona FWD 2023: 2 trims
    Kona N 2023: 1 trims
    Nexo 2023: 1 trims
    Nexo Blue 2023: 1 trims
    Palisade AWD 2023: 1 trims
    Palisade FWD 2023: 1 trims
    Santa Cruz AWD 2023: 2 trims
    Santa Cruz FWD 2023: 1 trims
    Santa Fe AWD 2023: 2 trims
    Santa Fe FWD 2023: 2 trims
    Santa Fe Hybrid 2023: 1 trims
    Santa Fe Hybrid Blue 2023: 1 trims
    Santa Fe Plug-in Hybrid 2023: 1 trims
    Sonata 2023: 4 trims
    Sonata Hybrid 2023: 1 trims
    Sonata Hybrid Blue 2023: 1 trims
    Tucson AWD 2023: 1 trims
    Tucson FWD 2023: 1 trims
    Tucson Hybrid 2023: 1 trims
    Tucson Hybrid Blue 2023: 1 trims
    Tucson Plug-in Hybrid 2023: 1 trims
    Venue 2023: 1 trims
Hyundai 2024: 16 models
    Elantra 2024: 3 trims
    Elantra Hybrid 2024: 1 trims
    Elantra Hybrid Blue 2024: 1 trims
    Elantra N 2024: 2 trims
    Ioniq 5 Long range AWD 2024: 1 trims
    Ioniq 5 Long range RWD 2024: 1 trims
    Ioniq 5 Standard range RWD 2024: 1 trims
    Ioniq 6 Long range AWD (18 inch Wheels) 2024: 1 trims
    Ioniq 6 Long range AWD (20 inch Wheels) 2024: 1 trims
    Ioniq 6 Long range RWD (18 inch Wheels) 2024: 1 trims
    Ioniq 6 Long range RWD (20 inch Wheels) 2024: 1 trims
    Ioniq 6 Standard Range RWD 2024: 1 trims
    Kona AWD 2024: 3 trims
    Kona Electric Long Range 2024: 1 trims
    Kona Electric Standard Range 2024: 1 trims
    Kona FWD 2024: 3 trims
    Nexo 2024: 1 trims
    Nexo Blue 2024: 1 trims
    Palisade AWD 2024: 1 trims
    Palisade FWD 2024: 1 trims
    Santa Cruz AWD 2024: 2 trims
    Santa Cruz FWD 2024: 1 trims
    Santa Fe AWD 2024: 1 trims
    Santa Fe AWD XRT 2024: 1 trims
    Santa Fe FWD 2024: 1 trims
    Santa Fe Hybrid AWD 2024: 1 trims
    Santa Fe Hybrid FWD 2024: 1 trims
    Sonata AWD 2024: 1 trims
    Sonata FWD 2024: 2 trims
    Sonata Hybrid 2024: 1 trims
    Tucson AWD 2024: 1 trims
    Tucson FWD 2024: 1 trims
    Tucson Hybrid 2024: 1 trims
    Tucson Hybrid Blue 2024: 1 trims
    Tucson Plug-in Hybrid 2024: 1 trims
    Venue 2024: 1 trims
Hyundai 2025: 17 models
    Elantra 2025: 3 trims
    Elantra Hybrid 2025: 1 trims
    Elantra Hybrid Blue 2025: 1 trims
    Elantra N 2025: 2 trims
    Ioniq 5 AWD (19 inch Wheels) 2025: 1 trims
    Ioniq 5 AWD (20 inch Wheels) 2025: 1 trims
    Ioniq 5 AWD XRT 2025: 1 trims
    Ioniq 5 N 2025: 1 trims
    Ioniq 5 Robo taxi 2025: 1 trims
    Ioniq 5 RWD 2025: 1 trims
    Ioniq 5 Standard range 2025: 1 trims
    Ioniq 6 AWD (18 inch Wheels) 2025: 1 trims
    Ioniq 6 AWD (20 inch Wheels) 2025: 1 trims
    Ioniq 6 RWD (18 inch Wheels) 2025: 1 trims
    Ioniq 6 RWD (20 inch Wheels) 2025: 1 trims
    Ioniq 6 Standard Range 2025: 1 trims
    Kona AWD 2025: 3 trims
    Kona Electric (17 inch Wheels) 2025: 1 trims
    Kona Electric (19 inch Wheels) 2025: 1 trims
    Kona Electric Standard Range 2025: 1 trims
    Kona FWD 2025: 3 trims
    Nexo 2025: 1 trims
    Nexo Blue 2025: 1 trims
    Palisade AWD 2025: 1 trims
    Palisade FWD 2025: 1 trims
    Santa Cruz AWD 2025: 2 trims
    Santa Cruz FWD 2025: 1 trims
    Santa Cruz XRT AWD 2025: 1 trims
    Santa Fe AWD 2025: 1 trims
    Santa Fe AWD XRT 2025: 1 trims
    Santa Fe FWD 2025: 1 trims
    Santa Fe Hybrid AWD 2025: 1 trims
    Santa Fe Hybrid FWD 2025: 1 trims
    Sonata AWD 2025: 1 trims
    Sonata FWD 2025: 3 trims
    Sonata Hybrid 2025: 1 trims
    Tucson AWD 2025: 1 trims
    Tucson FWD 2025: 1 trims
    Tucson Hybrid 2025: 1 trims
    Tucson Hybrid Blue 2025: 1 trims
    Tucson Plug-in Hybrid 2025: 1 trims
    Venue 2025: 1 trims
Hyundai 2026: 19 models
    Elantra 2026: 1 trims
    Elantra Hybrid 2026: 1 trims
    Elantra Hybrid Blue 2026: 1 trims
    Elantra N 2026: 2 trims
    Elantra non-ISG 2026: 1 trims
    Elantra w/Stop-Start 2026: 1 trims
    Ioniq 5 AWD (19inch Wheels) 2026: 1 trims
    Ioniq 5 AWD (20inch Wheels) 2026: 1 trims
    Ioniq 5 AWD XRT 2026: 1 trims
    Ioniq 5 N 2026: 1 trims
    Ioniq 5 Robo taxi 2026: 1 trims
    Ioniq 5 RWD 2026: 1 trims
    Ioniq 5 Standard range 2026: 1 trims
    Ioniq 9 AWD 2026: 1 trims
    Ioniq 9 AWD Performance 2026: 1 trims
    Ioniq 9 RWD 2026: 1 trims
    Kona AWD 2026: 1 trims
    Kona AWD SX2 1.6T 8AT AWD 2026: 1 trims
    Kona AWD w/Stop-Start 2026: 1 trims
    Kona FWD 2026: 1 trims
    Kona FWD SX2 1.6T 8AT FWD 2026: 1 trims
    Kona FWD w/Stop-Start 2026: 1 trims
    Nexo 2026: 1 trims
    Nexo Blue 2026: 1 trims
    Palisade AWD 2026: 1 trims
    Palisade FWD 2026: 1 trims
    Palisade Hybrid AWD 2026: 1 trims
    Palisade Hybrid FWD 2026: 1 trims
    Palisade Hybrid FWD Blue 2026: 1 trims
    Palisade XRT Pro 2026: 1 trims
    Santa Cruz AWD NX4 OB 2.5 AWD 8AT 2026: 1 trims
    Santa Cruz AWD NX4 OB 2.5T AWD 8AT 2026: 1 trims
    Santa Cruz FWD 2026: 1 trims
    Santa Cruz XRT AWD 2026: 1 trims
    Santa Fe AWD 2026: 1 trims
    Santa Fe AWD XRT 2026: 1 trims
    Santa Fe FWD 2026: 1 trims
    Santa Fe Hybrid AWD 2026: 1 trims
    Santa Fe Hybrid FWD 2026: 1 trims
    Sonata AWD 2026: 1 trims
    Sonata FWD 2026: 2 trims
    Sonata FWD w/Stop-Start 2026: 1 trims
    Sonata Hybrid 2026: 1 trims
    Sonata Hybrid Blue 2026: 1 trims
    Tucson AWD 2026: 1 trims
    Tucson FWD 2026: 1 trims
    Tucson Hybrid 2026: 1 trims
    Tucson Hybrid Blue 2026: 1 trims
    Tucson Plug-in Hybrid 2026: 1 trims
    Venue 2026: 1 trims
Kia 2015: 11 models
    Cadenza 2015: 1 trims
    Forte 2015: 3 trims
    Forte 5 2015: 3 trims
    Forte Koup 2015: 4 trims
    K900 2015: 2 trims
    Optima 2015: 2 trims
    Optima Hybrid 2015: 1 trims
    Optima Hybrid EX 2015: 1 trims
    Rio 2015: 2 trims
    Rio Eco 2015: 1 trims
    Sedona 2015: 1 trims
    Sedona SX 2015: 1 trims
    Sedona SXL 2015: 1 trims
    Sorento AWD 2015: 2 trims
    Sorento FWD 2015: 2 trims
    Soul 2015: 3 trims
    Soul ECO dynamics 2015: 1 trims
    Soul Electric 2015: 1 trims
    Sportage AWD 2015: 2 trims
    Sportage FWD 2015: 2 trims
    Sportage SX AWD 2015: 1 trims
    Sportage SX FWD 2015: 1 trims
Kia 2016: 12 models
    Cadenza 2016: 1 trims
    Forte 2016: 3 trims
    Forte 5 2016: 3 trims
    Forte Koup 2016: 4 trims
    K900 2016: 2 trims
    Optima 2016: 3 trims
    Optima FE 2016: 2 trims
    Optima Hybrid 2016: 1 trims
    Optima Hybrid EX 2016: 1 trims
    Rio 2016: 2 trims
    Rio Eco 2016: 1 trims
    Sedona 2016: 1 trims
    Sedona SX 2016: 1 trims
    Sedona SXL 2016: 1 trims
    Sorento AWD 2016: 3 trims
    Sorento FE AWD 2016: 1 trims
    Sorento FWD 2016: 3 trims
    Soul 2016: 3 trims
    Soul ECO dynamics 2016: 1 trims
    Soul Electric 2016: 1 trims
    Sportage AWD 2016: 1 trims
    Sportage FWD 2016: 1 trims
    Sportage SX AWD 2016: 1 trims
    Sportage SX FWD 2016: 1 trims
Kia 2017: 12 models
    Cadenza 2017: 1 trims
    Forte 2017: 3 trims
    Forte 5 2017: 3 trims
    Forte Koup 2017: 3 trims
    K900 2017: 2 trims
    Niro 2017: 1 trims
    Niro FE 2017: 1 trims
    Niro Touring 2017: 1 trims
    Optima 2017: 3 trims
    Optima FE 2017: 1 trims
    Optima Hybrid 2017: 1 trims
    Optima Plug-in Hybrid 2017: 1 trims
    Rio 2017: 2 trims
    Rio Eco 2017: 1 trims
    Sedona 2017: 1 trims
    Sedona SX 2017: 1 trims
    Sedona SXL 2017: 1 trims
    Sorento AWD 2017: 3 trims
    Sorento FE AWD 2017: 1 trims
    Sorento FWD 2017: 3 trims
    Soul 2017: 4 trims
    Soul Electric 2017: 1 trims
    Sportage AWD 2017: 2 trims
    Sportage FE AWD 2017: 1 trims
    Sportage FE FWD 2017: 1 trims
    Sportage FWD 2017: 2 trims
Kia 2018: 12 models
    Cadenza 2018: 1 trims
    Forte 2018: 3 trims
    Forte 5 2018: 3 trims
    K900 2018: 2 trims
    Niro 2018: 1 trims
    Niro FE 2018: 1 trims
    Niro Plug-in Hybrid 2018: 1 trims
    Niro Touring 2018: 1 trims
    Optima 2018: 3 trims
    Optima FE 2018: 1 trims
    Optima Hybrid 2018: 1 trims
    Optima Plug-in Hybrid 2018: 1 trims
    Optima S 2018: 1 trims
    Rio 2018: 2 trims
    Sedona 2018: 1 trims
    Sedona SX 2018: 1 trims
    Sedona SXL 2018: 1 trims
    Sorento AWD 2018: 3 trims
    Sorento FE AWD 2018: 1 trims
    Sorento FWD 2018: 3 trims
    Soul 2018: 4 trims
    Soul Electric 2018: 1 trims
    Sportage AWD 2018: 2 trims
    Sportage FE AWD 2018: 1 trims
    Sportage FE FWD 2018: 1 trims
    Sportage FWD 2018: 2 trims
    Stinger AWD 2018: 2 trims
    Stinger RWD 2018: 2 trims
Kia 2019: 12 models
    Cadenza 2019: 1 trims
    Forte 2019: 2 trims
    Forte FE 2019: 1 trims
    K900 2019: 1 trims
    Niro 2019: 1 trims
    Niro Electric 2019: 1 trims
    Niro FE 2019: 1 trims
    Niro Plug-in Hybrid 2019: 1 trims
    Niro Touring 2019: 1 trims
    Optima 2019: 3 trims
    Optima FE 2019: 1 trims
    Optima Hybrid 2019: 1 trims
    Optima Plug-in Hybrid 2019: 1 trims
    Rio 2019: 2 trims
    Sedona 2019: 1 trims
    Sorento AWD 2019: 2 trims
    Sorento FWD 2019: 2 trims
    Soul 2019: 4 trims
    Soul Electric 2019: 1 trims
    Sportage AWD 2019: 2 trims
    Sportage FE AWD 2019: 1 trims
    Sportage FE FWD 2019: 1 trims
    Sportage FWD 2019: 2 trims
    Stinger AWD 2019: 2 trims
    Stinger RWD 2019: 2 trims
Kia 2020: 13 models
    Cadenza 2020: 1 trims
    Forte 2020: 4 trims
    Forte FE 2020: 1 trims
    K900 2020: 1 trims
    Niro 2020: 1 trims
    Niro Electric 2020: 1 trims
    Niro FE 2020: 1 trims
    Niro Plug-in Hybrid 2020: 1 trims
    Niro Touring 2020: 1 trims
    Optima 2020: 3 trims
    Optima FE 2020: 1 trims
    Optima Hybrid 2020: 1 trims
    Optima Plug-in Hybrid 2020: 1 trims
    Rio 2020: 1 trims
    Sedona 2020: 1 trims
    Sorento AWD 2020: 2 trims
    Sorento FWD 2020: 2 trims
    Soul 2020: 3 trims
    Soul Eco dynamics 2020: 1 trims
    Soul Electric 2020: 1 trims
    Sportage AWD 2020: 2 trims
    Sportage FWD 2020: 2 trims
    Stinger AWD 2020: 2 trims
    Stinger RWD 2020: 2 trims
    Telluride AWD 2020: 1 trims
    Telluride FWD 2020: 1 trims
Kia 2021: 12 models
    Forte 2021: 4 trims
    Forte FE 2021: 1 trims
    K5 2021: 3 trims
    K5 AWD 2021: 1 trims
    Niro 2021: 1 trims
    Niro Electric 2021: 1 trims
    Niro FE 2021: 1 trims
    Niro Plug-in Hybrid 2021: 1 trims
    Niro Touring 2021: 1 trims
    Rio 2021: 1 trims
    Sedona 2021: 1 trims
    Seltos AWD 2021: 2 trims
    Seltos FWD 2021: 1 trims
    Sorento AWD 2021: 2 trims
    Sorento FWD 2021: 2 trims
    Sorento Hybrid 2021: 1 trims
    Soul 2021: 3 trims
    Soul Eco dynamics 2021: 1 trims
    Sportage AWD 2021: 2 trims
    Sportage FWD 2021: 2 trims
    Stinger AWD 2021: 2 trims
    Stinger RWD 2021: 2 trims
    Telluride AWD 2021: 1 trims
    Telluride FWD 2021: 1 trims
Kia 2022: 13 models
    Carnival 2022: 1 trims
    EV6 AWD (Long Range) 2022: 1 trims
    EV6 RWD (Long Range) 2022: 1 trims
    EV6 RWD (Standard Range) 2022: 1 trims
    Forte 2022: 3 trims
    Forte FE 2022: 1 trims
    K5 2022: 3 trims
    K5 AWD 2022: 1 trims
    Niro 2022: 1 trims
    Niro Electric 2022: 1 trims
    Niro FE 2022: 1 trims
    Niro Plug-in Hybrid 2022: 1 trims
    Niro Touring 2022: 1 trims
    Rio 2022: 1 trims
    Seltos AWD 2022: 2 trims
    Seltos FWD 2022: 1 trims
    Sorento AWD 2022: 2 trims
    Sorento FWD 2022: 2 trims
    Sorento Hybrid AWD 2022: 1 trims
    Sorento Hybrid FWD 2022: 1 trims
    Sorento Plug-in Hybrid 2022: 1 trims
    Soul 2022: 2 trims
    Soul Eco dynamics 2022: 1 trims
    Sportage AWD 2022: 2 trims
    Sportage FWD 2022: 2 trims
    Stinger AWD 2022: 2 trims
    Stinger RWD 2022: 2 trims
    Telluride AWD 2022: 1 trims
    Telluride FWD 2022: 1 trims
Kia 2023: 13 models
    Carnival 2023: 1 trims
    EV6 AWD GT 2023: 1 trims
    EV6 Long Range AWD (19 inch tires) 2023: 1 trims
    EV6 Long Range AWD (20 inch tires) 2023: 1 trims
    EV6 Long Range RWD 2023: 1 trims
    EV6 Standard Range RWD 2023: 1 trims
    Forte 2023: 3 trims
    Forte FE 2023: 1 trims
    K5 2023: 2 trims
    K5 AWD 2023: 1 trims
    Niro 2023: 1 trims
    Niro Electric 2023: 1 trims
    Niro FE 2023: 1 trims
    Niro Plug-in Hybrid 2023: 1 trims
    Rio 2023: 1 trims
    Seltos AWD 2023: 2 trims
    Seltos FWD 2023: 1 trims
    Sorento AWD 2023: 2 trims
    Sorento FWD 2023: 2 trims
    Sorento Hybrid AWD 2023: 1 trims
    Sorento Hybrid FWD 2023: 1 trims
    Sorento Plug-in Hybrid 2023: 1 trims
    Soul 2023: 1 trims
    Soul Eco dynamics 2023: 1 trims
    Sportage AWD 2023: 1 trims
    Sportage FWD 2023: 1 trims
    Sportage Hybrid AWD 2023: 1 trims
    Sportage Hybrid FWD 2023: 1 trims
    Sportage Plug-in Hybrid 2023: 1 trims
    Stinger AWD 2023: 2 trims
    Stinger RWD 2023: 2 trims
    Telluride AWD 2023: 1 trims
    Telluride FWD 2023: 1 trims
Kia 2024: 12 models
    Carnival 2024: 1 trims
    EV6 AWD GT 2024: 1 trims
    EV6 Long Range AWD (19 inch Wheels) 2024: 1 trims
    EV6 Long Range AWD (20 inch Wheels) 2024: 1 trims
    EV6 Long Range RWD 2024: 1 trims
    EV6 Standard Range RWD 2024: 1 trims
    EV9 Long Range AWD 2024: 1 trims
    EV9 Long Range AWD GT-Line 2024: 1 trims
    EV9 Long Range RWD 2024: 1 trims
    EV9 Standard Range RWD 2024: 1 trims
    Forte 2024: 3 trims
    Forte FE 2024: 1 trims
    K5 2024: 2 trims
    K5 AWD 2024: 1 trims
    Niro 2024: 1 trims
    Niro Electric 2024: 1 trims
    Niro FE 2024: 1 trims
    Seltos AWD 2024: 2 trims
    Seltos FWD 2024: 1 trims
    Sorento AWD 2024: 2 trims
    Sorento FWD 2024: 2 trims
    Sorento Hybrid AWD 2024: 1 trims
    Sorento Hybrid FWD 2024: 1 trims
    Sorento Plug-in Hybrid 2024: 1 trims
    Soul 2024: 1 trims
    Soul Eco dynamics 2024: 1 trims
    Sportage AWD 2024: 1 trims
    Sportage FWD 2024: 1 trims
    Sportage Hybrid AWD 2024: 1 trims
    Sportage Hybrid FWD 2024: 1 trims
    Sportage Plug-in Hybrid 2024: 1 trims
    Sportage X-pro 2024: 1 trims
    Telluride AWD 2024: 1 trims
    Telluride FWD 2024: 1 trims
Kia 2025: 13 models
    Carnival 2025: 1 trims
    Carnival Hybrid 2025: 1 trims
    EV6 AWD GT 2025: 1 trims
    EV6 Long Range AWD (19 inch Wheels) 2025: 1 trims
    EV6 Long Range AWD (20 inch Wheels) 2025: 1 trims
    EV6 Long Range RWD 2025: 1 trims
    EV6 Standard Range RWD 2025: 1 trims
    EV9 Long Range AWD 2025: 1 trims
    EV9 Long Range AWD GT-Line 2025: 1 trims
    EV9 Long Range RWD 2025: 1 trims
    EV9 Standard Range RWD 2025: 1 trims
    K4 2025: 3 trims
    K5 2025: 3 trims
    K5 AWD 2025: 1 trims
    Niro 2025: 1 trims
    Niro Electric 2025: 1 trims
    Niro FE 2025: 1 trims
    Niro Plug-in Hybrid 2025: 1 trims
    Seltos AWD 2025: 2 trims
    Seltos FWD 2025: 1 trims
    Sorento AWD 2025: 2 trims
    Sorento FWD 2025: 2 trims
    Sorento Hybrid AWD 2025: 1 trims
    Sorento Hybrid FWD 2025: 1 trims
    Sorento Plug-in Hybrid 2025: 1 trims
    Soul 2025: 1 trims
    Soul Eco dynamics 2025: 1 trims
    Sportage AWD 2025: 1 trims
    Sportage FWD 2025: 1 trims
    Sportage Hybrid AWD 2025: 1 trims
    Sportage Hybrid FWD 2025: 1 trims
    Sportage Plug-in Hybrid 2025: 1 trims
    Sportage X-pro 2025: 1 trims
    Telluride AWD 2025: 1 trims
    Telluride FWD 2025: 1 trims
Kia 2026: 13 models
    Carnival 2026: 1 trims
    Carnival Hybrid 2026: 1 trims
    EV6 AWD GT 2026: 1 trims
    EV6 Long Range AWD (19 inch Wheels) 2026: 1 trims
    EV6 Long Range AWD (20 inch Wheels) 2026: 1 trims
    EV6 Long Range RWD 2026: 1 trims
    EV6 Standard Range RWD 2026: 1 trims
    EV9 GT 2026: 1 trims
    EV9 Long Range AWD 2026: 1 trims
    EV9 Long Range AWD GT-Line 2026: 1 trims
    EV9 Long Range RWD 2026: 1 trims
    EV9 Standard Range RWD 2026: 1 trims
    K4 2026: 1 trims
    K4 4DR w/ DMS 2026: 1 trims
    K4 Hatchback 2026: 2 trims
    K4 without DMS 2026: 1 trims
    K5 2026: 2 trims
    K5 AWD 2026: 1 trims
    K5 w/Stop-Start 2026: 1 trims
    Niro 2026: 1 trims
    Niro Electric 2026: 1 trims
    Niro FE 2026: 1 trims
    Niro Plug-in Hybrid 2026: 1 trims
    Seltos AWD 2026: 2 trims
    Sorento AWD 2026: 2 trims
    Sorento FWD 2026: 2 trims
    Sorento Hybrid AWD 2026: 1 trims
    Sorento Hybrid FWD 2026: 1 trims
    Sorento Plug-in Hybrid 2026: 1 trims
    Sportage AWD 2026: 1 trims
    Sportage FWD 2026: 1 trims
    Sportage Hybrid AWD 2026: 1 trims
    Sportage Hybrid FWD 2026: 1 trims
    Sportage Plug-in Hybrid 2026: 1 trims
    Sportage X-pro 2026: 1 trims
Subaru 2015: 7 models
    BRZ 2015: 2 trims
    Forester AWD 2015: 3 trims
    Impreza AWD 2015: 2 trims
    Impreza Sport AWD 2015: 2 trims
    Impreza Wagon AWD 2015: 2 trims
    Legacy AWD 2015: 2 trims
    Outback AWD 2015: 2 trims
    WRX 2015: 3 trims
    XV Crosstrek AWD 2015: 2 trims
    XV Crosstrek Hybrid AWD 2015: 1 trims
Subaru 2016: 7 models
    BRZ 2016: 2 trims
    Forester AWD 2016: 3 trims
    Impreza AWD 2016: 2 trims
    Impreza Sport AWD 2016: 2 trims
    Impreza Wagon AWD 2016: 2 trims
    Legacy AWD 2016: 2 trims
    Outback AWD 2016: 2 trims
    WRX 2016: 3 trims
Subaru 2017: 7 models
    BRZ 2017: 2 trims
    Crosstrek AWD 2017: 2 trims
    Forester AWD 2017: 3 trims
    Impreza 4-Door 2017: 2 trims
    Impreza 5-Door 2017: 2 trims
    Impreza Sport 4-Door 2017: 2 trims
    Impreza Sport 5-Door 2017: 2 trims
    Legacy AWD 2017: 2 trims
    Outback AWD 2017: 2 trims
    WRX 2017: 3 trims
Subaru 2018: 7 models
    BRZ 2018: 2 trims
    BRZ tS 2018: 1 trims
    Crosstrek AWD 2018: 2 trims
    Forester AWD 2018: 3 trims
    Impreza 4-Door 2018: 2 trims
    Impreza 5-Door 2018: 2 trims
    Impreza Sport 4-Door 2018: 2 trims
    Impreza Sport 5-Door 2018: 2 trims
    Legacy AWD 2018: 2 trims
    Outback AWD 2018: 2 trims
    WRX 2018: 3 trims
    WRX STI Type RA 2018: 1 trims
Subaru 2019: 8 models
    Ascent 2019: 1 trims
    Ascent Limited/Touring 2019: 1 trims
    BRZ 2019: 2 trims
    Crosstrek AWD 2019: 2 trims
    Crosstrek Hybrid AWD 2019: 1 trims
    Forester AWD 2019: 1 trims
    Impreza 4-Door 2019: 2 trims
    Impreza 5-Door 2019: 2 trims
    Impreza Sport 4-Door 2019: 2 trims
    Impreza Sport 5-Door 2019: 2 trims
    Legacy AWD 2019: 2 trims
    Outback AWD 2019: 2 trims
    WRX 2019: 3 trims
Subaru 2020: 8 models
    Ascent 2020: 1 trims
    Ascent Limited/Touring 2020: 1 trims
    BRZ 2020: 2 trims
    BRZ tS 2020: 1 trims
    Crosstrek AWD 2020: 2 trims
    Crosstrek Hybrid AWD 2020: 1 trims
    Forester AWD 2020: 1 trims
    Impreza 4-Door 2020: 2 trims
    Impreza 5-Door 2020: 2 trims
    Impreza Sport 4-Door 2020: 2 trims
    Impreza Sport 5-Door 2020: 2 trims
    Legacy AWD 2020: 2 trims
    Outback AWD 2020: 2 trims
    WRX 2020: 3 trims
Subaru 2021: 8 models
    Ascent 2021: 1 trims
    Ascent Limited/Touring 2021: 1 trims
    Crosstrek AWD 2021: 3 trims
    Crosstrek Hybrid AWD 2021: 1 trims
    Forester AWD 2021: 1 trims
    Impreza 4-Door 2021: 2 trims
    Impreza 5-Door 2021: 2 trims
    Impreza Sport 4-Door 2021: 1 trims
    Impreza Sport 5-Door 2021: 2 trims
    Legacy AWD 2021: 2 trims
    Outback AWD 2021: 2 trims
    WRX 2021: 3 trims
Subaru 2022: 8 models
    Ascent 2022: 1 trims
    Ascent Limited/Touring/Onyx AWD 2022: 1 trims
    BRZ 2022: 2 trims
    Crosstrek AWD 2022: 3 trims
    Forester AWD 2022: 1 trims
    Forester Wilderness AWD 2022: 1 trims
    Impreza 4-Door 2022: 2 trims
    Impreza 5-Door 2022: 2 trims
    Impreza Sport 4-Door 2022: 1 trims
    Impreza Sport 5-Door 2022: 2 trims
    Legacy AWD 2022: 2 trims
    Outback AWD 2022: 2 trims
    Outback Wilderness AWD 2022: 1 trims
    WRX 2022: 2 trims
Subaru 2023: 9 models
    Ascent 2023: 1 trims
    Ascent Limited/Touring/Onyx AWD 2023: 1 trims
    BRZ 2023: 2 trims
    Crosstrek AWD 2023: 3 trims
    Crosstrek Hybrid AWD 2023: 1 trims
    Forester AWD 2023: 1 trims
    Forester Wilderness AWD 2023: 1 trims
    Impreza 4-Door 2023: 2 trims
    Impreza 5-Door 2023: 2 trims
    Impreza Sport 4-Door 2023: 1 trims
    Impreza Sport 5-Door 2023: 2 trims
    Legacy AWD 2023: 2 trims
    Outback AWD 2023: 2 trims
    Outback Wilderness AWD 2023: 1 trims
    Solterra AWD 2023: 1 trims
    Solterra Limited/Touring AWD 2023: 1 trims
    WRX 2023: 2 trims
Subaru 2024: 9 models
    Ascent 2024: 1 trims
    Ascent Limited/Touring/Onyx AWD 2024: 1 trims
    BRZ 2024: 2 trims
    Crosstrek AWD 2024: 2 trims
    Crosstrek Wilderness AWD 2024: 1 trims
    Forester AWD 2024: 1 trims
    Forester Wilderness AWD 2024: 1 trims
    Impreza 2024: 2 trims
    Legacy AWD 2024: 2 trims
    Outback AWD 2024: 2 trims
    Outback Wilderness AWD 2024: 1 trims
    Solterra AWD 2024: 1 trims
    Solterra Limited/Touring AWD 2024: 1 trims
    WRX 2024: 2 trims
Subaru 2025: 9 models
    Ascent 2025: 1 trims
    Ascent Limited/Touring/Onyx AWD 2025: 1 trims
    BRZ 2025: 2 trims
    Crosstrek AWD 2025: 2 trims
    Crosstrek Wilderness AWD 2025: 1 trims
    Forester AWD 2025: 1 trims
    Forester Hybrid AWD 2025: 1 trims
    Forester Sport/Touring AWD 2025: 1 trims
    Forester Wilderness AWD 2025: 1 trims
    Impreza 2025: 2 trims
    Legacy AWD 2025: 2 trims
    Outback AWD 2025: 2 trims
    Outback Wilderness AWD 2025: 1 trims
    Solterra AWD 2025: 1 trims
    Solterra Limited/Touring AWD 2025: 1 trims
    WRX 2025: 2 trims
Subaru 2026: 11 models
    Ascent 2026: 1 trims
    Ascent Limited/Touring/Onyx AWD 2026: 1 trims
    BRZ 2026: 2 trims
    Crosstrek AWD 2026: 1 trims
    Crosstrek Hybrid AWD 2026: 1 trims
    Crosstrek Wilderness AWD 2026: 1 trims
    Forester AWD 2026: 1 trims
    Forester Hybrid AWD 2026: 1 trims
    Forester Sport/Touring AWD 2026: 1 trims
    Forester Wilderness AWD 2026: 1 trims
    Impreza 2026: 2 trims
    Outback AWD 2026: 2 trims
    Outback Wilderness AWD 2026: 1 trims
    Solterra 20 AWD 2026: 1 trims
    Solterra AWD 2026: 1 trims
    Trailseeker 20 inch AWD 2026: 1 trims
    Trailseeker AWD 2026: 1 trims
    Uncharted 2026: 1 trims
    Uncharted 20 inch AWD 2026: 1 trims
    Uncharted AWD 2026: 1 trims
    WRX 2026: 2 trims
Mazda 2015: 7 models
    CX-5 2WD 2015: 3 trims
    CX-5 4WD 2015: 2 trims
    CX-9 2WD 2015: 1 trims
    CX-9 4WD 2015: 1 trims
    MX-5 2015: 3 trims
Mazda 2016: 7 models
    CX-3 2WD 2016: 1 trims
    CX-3 4WD 2016: 1 trims
    CX-5 2WD 2016: 2 trims
    CX-5 4WD 2016: 1 trims
    CX-9 2WD 2016: 1 trims
    CX-9 4WD 2016: 1 trims
    MX-5 2016: 2 trims
Mazda 2017: 7 models
    CX-3 2WD 2017: 1 trims
    CX-3 4WD 2017: 1 trims
    CX-5 2WD 2017: 1 trims
    CX-5 4WD 2017: 1 trims
    CX-9 2WD 2017: 1 trims
    CX-9 4WD 2017: 1 trims
    MX-5 2017: 2 trims
Mazda 2018: 7 models
    CX-3 2WD 2018: 1 trims
    CX-3 4WD 2018: 1 trims
    CX-5 2WD 2018: 2 trims
    CX-5 4WD 2018: 2 trims
    CX-9 2WD 2018: 1 trims
    CX-9 4WD 2018: 1 trims
    MX-5 2018: 2 trims
Mazda 2019: 7 models
    CX-3 2WD 2019: 1 trims
    CX-3 4WD 2019: 1 trims
    CX-5 2WD 2019: 3 trims
    CX-5 4WD 2019: 3 trims
    CX-9 2WD 2019: 1 trims
    CX-9 4WD 2019: 1 trims
    MX-5 2019: 2 trims
Mazda 2020: 8 models
    CX-3 2WD 2020: 1 trims
    CX-3 4WD 2020: 1 trims
    CX-30 2WD 2020: 2 trims
    CX-30 4WD 2020: 2 trims
    CX-5 2WD 2020: 1 trims
    CX-5 4WD 2020: 2 trims
    CX-9 2WD 2020: 1 trims
    CX-9 4WD 2020: 1 trims
    MX-5 2020: 2 trims
Mazda 2021: 8 models
    CX-3 2WD 2021: 1 trims
    CX-3 4WD 2021: 1 trims
    CX-30 2WD 2021: 2 trims
    CX-30 4WD 2021: 3 trims
    CX-5 2WD 2021: 2 trims
    CX-5 4WD 2021: 2 trims
    CX-9 2WD 2021: 1 trims
    CX-9 4WD 2021: 1 trims
    MX-5 2021: 2 trims
Mazda 2022: 7 models
    CX-30 4WD 2022: 2 trims
    CX-5 4WD 2022: 2 trims
    CX-9 4WD 2022: 1 trims
    MX-30 2022: 1 trims
    MX-5 2022: 2 trims
Mazda 2023: 7 models
    CX-30 4WD 2023: 2 trims
    CX-5 4WD 2023: 2 trims
    CX-50 4WD 2023: 2 trims
    CX-9 4WD 2023: 1 trims
    MX-30 2023: 1 trims
    MX-5 2023: 2 trims
Mazda 2024: 8 models
    CX-30 4WD 2024: 2 trims
    CX-5 4WD 2024: 3 trims
    CX-50 4WD 2024: 2 trims
    CX-90 4WD 2024: 3 trims
    MX-5 2024: 2 trims
Mazda 2025: 9 models
    CX-30 4WD 2025: 2 trims
    CX-5 4WD 2025: 3 trims
    CX-50 4WD 2025: 3 trims
    CX-70 4WD 2025: 2 trims
    CX-70 4WD PHEV 2025: 1 trims
    CX-90 4WD 2025: 2 trims
    CX-90 4WD PHEV 2025: 1 trims
    MX-5 2025: 2 trims
Mazda 2026: 9 models
    CX-30 4WD 2026: 2 trims
    CX-5 4WD 2026: 1 trims
    CX-50 4WD 2026: 3 trims
    CX-70 Hybrid Boost High Power 4WD 2026: 1 trims
    CX-70 Hybrid Boost Low Power 4WD 2026: 1 trims
    CX-70 SC 4WD 2026: 1 trims
    CX-90 4WD 2026: 3 trims
    MX-5 2026: 2 trims
Jeep 2015: 6 models
    Cherokee 4WD 2015: 3 trims
    Cherokee 4WD Active Drive II 2015: 2 trims
    Cherokee FWD 2015: 3 trims
    Cherokee Trailhawk 4WD 2015: 2 trims
    Compass 4WD 2015: 3 trims
    Compass FWD 2015: 4 trims
    Grand Cherokee 2WD 2015: 3 trims
    Grand Cherokee 4WD 2015: 3 trims
    Grand Cherokee SRT8 4WD 2015: 1 trims
    Patriot 4WD 2015: 3 trims
    Patriot FWD 2015: 4 trims
    Renegade 2WD 2015: 2 trims
    Renegade 4WD 2015: 2 trims
    Wrangler 4WD 2015: 2 trims
    Wrangler Unlimited 4WD 2015: 2 trims
Jeep 2016: 6 models
    Cherokee 4WD 2016: 3 trims
    Cherokee 4WD Active Drive II 2016: 2 trims
    Cherokee FWD 2016: 3 trims
    Cherokee Trailhawk 4WD 2016: 2 trims
    Compass 4WD 2016: 3 trims
    Compass FWD 2016: 4 trims
    Grand Cherokee 2WD 2016: 2 trims
    Grand Cherokee 4WD 2016: 3 trims
    Grand Cherokee SRT8 4WD 2016: 1 trims
    Patriot 4WD 2016: 3 trims
    Patriot FWD 2016: 4 trims
    Renegade 2WD 2016: 2 trims
    Renegade 4WD 2016: 2 trims
    Wrangler 4WD 2016: 2 trims
    Wrangler Unlimited 4WD 2016: 2 trims
Jeep 2017: 6 models
    Cherokee 4WD 2017: 3 trims
    Cherokee 4WD Active Drive II 2017: 2 trims
    Cherokee FWD 2017: 3 trims
    Cherokee Trailhawk 4WD 2017: 2 trims
    Compass 4WD 2017: 3 trims
    Compass FWD 2017: 4 trims
    Grand Cherokee 2WD 2017: 1 trims
    Grand Cherokee 4WD 2017: 2 trims
    Grand Cherokee SRT 4WD 2017: 1 trims
    Patriot 4WD 2017: 3 trims
    Patriot FWD 2017: 4 trims
    Renegade 2WD 2017: 2 trims
    Renegade 4WD 2017: 2 trims
    Wrangler 4WD 2017: 2 trims
    Wrangler Unlimited 4WD 2017: 2 trims
Jeep 2018: 7 models
    Cherokee 4WD 2018: 3 trims
    Cherokee 4WD Active Drive II 2018: 2 trims
    Cherokee FWD 2018: 3 trims
    Cherokee Trailhawk 4WD 2018: 2 trims
    Compass 4WD 2018: 2 trims
    Compass FWD 2018: 2 trims
    Grand Cherokee 2WD 2018: 2 trims
    Grand Cherokee 4WD 2018: 3 trims
    Grand Cherokee SRT 4WD 2018: 1 trims
    Grand Cherokee TrackHawk 4WD 2018: 1 trims
    Renegade 2WD 2018: 3 trims
    Renegade 4WD 2018: 2 trims
    Wrangler 4WD 2018: 2 trims
    Wrangler Unlimited 4WD 2018: 2 trims
Jeep 2019: 5 models
    Cherokee 4WD 2019: 3 trims
    Cherokee 4WD Active Drive II 2019: 2 trims
    Cherokee FWD 2019: 3 trims
    Cherokee Trailhawk 4WD 2019: 2 trims
    Compass 4WD 2019: 2 trims
    Compass FWD 2019: 2 trims
    Grand Cherokee 2WD 2019: 1 trims
    Grand Cherokee 4WD 2019: 3 trims
    Grand Cherokee SRT 4WD 2019: 1 trims
    Grand Cherokee Trackhawk 4WD 2019: 1 trims
    Renegade 2WD 2019: 2 trims
    Renegade 4WD 2019: 2 trims
    Renegade Trailhawk 4WD 2019: 1 trims
    Wrangler 4WD 2019: 3 trims
    Wrangler Unlimited 4WD 2019: 3 trims
Jeep 2020: 6 models
    Cherokee 4WD 2020: 3 trims
    Cherokee 4WD Active Drive II 2020: 2 trims
    Cherokee FWD 2020: 3 trims
    Cherokee Trailhawk 4WD 2020: 2 trims
    Compass 4WD 2020: 2 trims
    Compass FWD 2020: 2 trims
    Gladiator Pickup 4WD 2020: 2 trims
    Grand Cherokee 2WD 2020: 1 trims
    Grand Cherokee 4WD 2020: 2 trims
    Grand Cherokee SRT 4WD 2020: 1 trims
    Grand Cherokee Trackhawk 4WD 2020: 1 trims
    Renegade 2WD 2020: 2 trims
    Renegade 4WD 2020: 2 trims
    Renegade Trailhawk 4WD 2020: 1 trims
    Wrangler 4WD 2020: 4 trims
    Wrangler Unlimited 4WD 2020: 6 trims
Jeep 2021: 7 models
    Cherokee 4WD 2021: 3 trims
    Cherokee 4WD Active Drive II 2021: 2 trims
    Cherokee FWD 2021: 3 trims
    Cherokee Trailhawk 4WD 2021: 1 trims
    Compass 4WD 2021: 1 trims
    Compass FWD 2021: 1 trims
    Gladiator 4WD 2021: 2 trims
    Gladiator EcoDiesel 4WD 2021: 1 trims
    Gladiator Rubicon EcoDiesel 4WD 2021: 1 trims
    Grand Cherokee 2WD 2021: 1 trims
    Grand Cherokee 4WD 2021: 2 trims
    Grand Cherokee L 2WD 2021: 1 trims
    Grand Cherokee L 4WD 2021: 2 trims
    Grand Cherokee SRT 4WD 2021: 1 trims
    Grand Cherokee Trackhawk 4WD 2021: 1 trims
    Renegade 2WD 2021: 2 trims
    Renegade 4WD 2021: 2 trims
    Renegade Trailhawk 4WD 2021: 1 trims
    Wrangler 2dr 4WD 2021: 4 trims
    Wrangler 4dr 4WD 2021: 5 trims
    Wrangler 4dr 4xe 2021: 1 trims
    Wrangler 4dr EcoDiesel 4WD 2021: 1 trims
    Wrangler Rubic 4dr EcoDiesel 4WD 2021: 1 trims
Jeep 2022: 9 models
    Cherokee 4WD 2022: 3 trims
    Cherokee FWD 2022: 3 trims
    Cherokee Trailhawk 4WD 2022: 1 trims
    Compass 4WD 2022: 1 trims
    Compass FWD 2022: 1 trims
    Gladiator 4WD 2022: 2 trims
    Gladiator EcoDiesel 4WD 2022: 1 trims
    Gladiator Rubic EcoDiesel 4WD 2022: 1 trims
    Grand Cherokee 2WD 2022: 1 trims
    Grand Cherokee 4WD 2022: 2 trims
    Grand Cherokee 4xe 2022: 1 trims
    Grand Cherokee L 2WD 2022: 1 trims
    Grand Cherokee L 4WD 2022: 2 trims
    Grand Cherokee WK 2WD 2022: 1 trims
    Grand Cherokee WK 4WD 2022: 1 trims
    Grand Wagoneer 2WD 2022: 2 trims
    Grand Wagoneer 4WD 2022: 2 trims
    Renegade 2WD 2022: 1 trims
    Renegade 4WD 2022: 1 trims
    Renegade Trailhawk 4WD 2022: 1 trims
    Wagoneer 2WD 2022: 1 trims
    Wagoneer 4WD 2022: 1 trims
    Wrangler 2dr 4WD 2022: 4 trims
    Wrangler 4dr 4WD 2022: 5 trims
    Wrangler 4dr 4xe 2022: 1 trims
    Wrangler 4dr EcoDiesel 4WD 2022: 1 trims
    Wrangler Rubic 4dr EcoDiesel 4WD 2022: 1 trims
Jeep 2023: 9 models
    Cherokee 4WD 2023: 1 trims
    Cherokee Trailhawk 4WD 2023: 1 trims
    Compass 4WD 2023: 1 trims
    Gladiator 4WD 2023: 2 trims
    Gladiator EcoDiesel 4WD 2023: 1 trims
    Gladiator Rubic EcoDiesel 4WD 2023: 1 trims
    Grand Cherokee 2WD 2023: 1 trims
    Grand Cherokee 4WD 2023: 2 trims
    Grand Cherokee 4xe 2023: 1 trims
    Grand Cherokee L 2WD 2023: 1 trims
    Grand Cherokee L 4WD 2023: 2 trims
    Grand Wagoneer 4WD 2023: 2 trims
    Grand Wagoneer L 4WD 2023: 1 trims
    Renegade 4WD 2023: 1 trims
    Renegade Trailhawk 4WD 2023: 1 trims
    Wagoneer 2WD 2023: 2 trims
    Wagoneer 4WD 2023: 2 trims
    Wagoneer L 2WD 2023: 1 trims
    Wagoneer L 4WD 2023: 1 trims
    Wrangler 2dr 4WD 2023: 4 trims
    Wrangler 4dr 4WD 2023: 5 trims
    Wrangler 4dr 4xe 2023: 1 trims
    Wrangler 4dr EcoDiesel 4WD 2023: 1 trims
    Wrangler Rubic 4dr EcoDiesel 4WD 2023: 1 trims
Jeep 2024: 11 models
    Compass 4WD 2024: 1 trims
    Gladiator 4WD 2024: 2 trims
    Grand Cherokee 2WD 2024: 1 trims
    Grand Cherokee 4WD 2024: 1 trims
    Grand Cherokee 4xe 2024: 1 trims
    Grand Cherokee L 2WD 2024: 1 trims
    Grand Cherokee L 4WD 2024: 2 trims
    Grand Wagoneer 4WD 2024: 2 trims
    Grand Wagoneer L 4WD 2024: 1 trims
    Wagoneer 2WD 2024: 1 trims
    Wagoneer 4WD 2024: 1 trims
    Wagoneer L 2WD 2024: 1 trims
    Wagoneer L 4WD 2024: 1 trims
    Wagoneer S AWD (Falken tire) 2024: 1 trims
    Wagoneer S AWD (Pirelli tire) 2024: 1 trims
    Wrangler 2dr 4WD 2024: 3 trims
    Wrangler 4dr 4WD 2024: 4 trims
    Wrangler 4dr 4xe 2024: 1 trims
    Wrangler Rubicon 2dr 4WD 2024: 1 trims
    Wrangler Rubicon 4dr 4WD 2024: 1 trims
Jeep 2025: 11 models
    Compass 4WD 2025: 1 trims
    Gladiator 4WD 2025: 1 trims
    Grand Cherokee 2WD 2025: 1 trims
    Grand Cherokee 4WD 2025: 1 trims
    Grand Cherokee 4xe 2025: 1 trims
    Grand Cherokee L 2WD 2025: 1 trims
    Grand Cherokee L 4WD 2025: 1 trims
    Grand Wagoneer 4WD 2025: 1 trims
    Grand Wagoneer L 4WD 2025: 1 trims
    Wagoneer 2WD 2025: 1 trims
    Wagoneer 4WD 2025: 1 trims
    Wagoneer L 2WD 2025: 1 trims
    Wagoneer L 4WD 2025: 1 trims
    Wagoneer S AWD (Falken tire) 2025: 1 trims
    Wagoneer S AWD (Pirelli tire) 2025: 1 trims
    Wrangler 2dr 4WD 2025: 2 trims
    Wrangler 4dr 4WD 2025: 4 trims
    Wrangler 4dr 4xe 2025: 1 trims
Jeep 2026: 11 models
    Cherokee AWD 2026: 1 trims
    Compass 4WD 2026: 1 trims
    Gladiator 4WD 2026: 1 trims
    Grand Cherokee 2WD 2026: 2 trims
    Grand Cherokee 4WD 2026: 2 trims
    Grand Cherokee 4xe 2026: 1 trims
    Grand Cherokee L 2WD 2026: 2 trims
    Grand Cherokee L 4WD 2026: 2 trims
    Grand Wagoneer 2WD 2026: 1 trims
    Grand Wagoneer 4WD 2026: 1 trims
    Grand Wagoneer L 2WD 2026: 1 trims
    Grand Wagoneer L 4WD 2026: 1 trims
    Wagoneer S AWD (Falken tire) 2026: 1 trims
    Wagoneer S AWD (Pirelli tire) 2026: 1 trims
    Wrangler 2dr 4WD 2026: 2 trims
    Wrangler 4dr 4WD 2026: 4 trims
    Wrangler 4dr 4xe 2026: 1 trims
Gmc 2015: 7 models
    Acadia AWD 2015: 1 trims
    Acadia FWD 2015: 1 trims
    Canyon 2WD 2015: 3 trims
    Canyon 4WD 2015: 2 trims
    Canyon Cab Chassis 2WD 2015: 1 trims
    Savana 2500 2WD (Passenger) 2015: 3 trims
    Savana 2500 2WD Conversion (cargo) 2015: 2 trims
    Savana 3500 2WD (Passenger) 2015: 3 trims
    Sierra C15 2WD 2015: 4 trims
    Sierra C15 Cab Chassis 2WD 2015: 3 trims
    Sierra K15 4WD 2015: 4 trims
    Sierra K15 Cab Chassis 4WD 2015: 3 trims
    Terrain AWD 2015: 2 trims
    Terrain FWD 2015: 3 trims
    Yukon C1500 2WD 2015: 4 trims
    Yukon C1500 XL 2WD 2015: 4 trims
    Yukon K1500 4WD 2015: 4 trims
    Yukon K1500 XL 4WD 2015: 4 trims
Gmc 2016: 7 models
    Acadia AWD 2016: 1 trims
    Acadia FWD 2016: 1 trims
    Canyon 2WD 2016: 4 trims
    Canyon 4WD 2016: 3 trims
    Canyon Cab Chassis 2WD 2016: 1 trims
    Savana 2500 2WD (Passenger) 2016: 1 trims
    Savana 3500 2WD (Passenger) 2016: 1 trims
    Sierra 15 Hybrid 2WD 2016: 1 trims
    Sierra 15 Hybrid 4WD 2016: 1 trims
    Sierra C15 2WD 2016: 5 trims
    Sierra C15 Cab Chassis 2WD 2016: 1 trims
    Sierra K15 4WD 2016: 5 trims
    Sierra K15 Cab Chassis 4WD 2016: 1 trims
    Terrain AWD 2016: 2 trims
    Terrain FWD 2016: 3 trims
    Yukon C1500 2WD 2016: 3 trims
    Yukon C1500 XL 2WD 2016: 3 trims
    Yukon K1500 4WD 2016: 3 trims
    Yukon K1500 XL 4WD 2016: 3 trims
Gmc 2017: 7 models
    Acadia AWD 2017: 2 trims
    Acadia FWD 2017: 2 trims
    Acadia Limited AWD 2017: 1 trims
    Acadia Limited FWD 2017: 1 trims
    Canyon 2WD 2017: 4 trims
    Canyon 4WD 2017: 3 trims
    Canyon Cab Chassis 2WD 2017: 1 trims
    Savana 2500 2WD (Passenger) 2017: 1 trims
    Savana 3500 2WD (Passenger) 2017: 1 trims
    Sierra 15 Hybrid 2WD 2017: 1 trims
    Sierra 15 Hybrid 4WD 2017: 1 trims
    Sierra C15 2WD 2017: 5 trims
    Sierra C15 Cab Chassis 2WD 2017: 1 trims
    Sierra K15 4WD 2017: 5 trims
    Sierra K15 Cab Chassis 4WD 2017: 1 trims
    Terrain AWD 2017: 2 trims
    Terrain FWD 2017: 3 trims
    Yukon C1500 2WD 2017: 3 trims
    Yukon C1500 XL 2WD 2017: 3 trims
    Yukon K1500 4WD 2017: 3 trims
    Yukon K1500 XL 4WD 2017: 3 trims
Gmc 2018: 7 models
    Acadia AWD 2018: 2 trims
    Acadia FWD 2018: 2 trims
    Canyon 2WD 2018: 4 trims
    Canyon 4WD 2018: 3 trims
    Canyon Cab Chassis 2WD 2018: 1 trims
    Sierra 15 Hybrid 2WD 2018: 1 trims
    Sierra 15 Hybrid 4WD 2018: 1 trims
    Sierra C15 2WD 2018: 5 trims
    Sierra C15 Cab Chassis 2WD 2018: 1 trims
    Sierra K15 4WD 2018: 5 trims
    Sierra K15 Cab Chassis 4WD 2018: 1 trims
    Terrain AWD 2018: 3 trims
    Terrain FWD 2018: 3 trims
    Yukon C1500 2WD 2018: 3 trims
    Yukon C1500 XL 2WD 2018: 3 trims
    Yukon K1500 4WD 2018: 3 trims
    Yukon K1500 XL 4WD 2018: 3 trims
Gmc 2019: 9 models
    Acadia AWD 2019: 2 trims
    Acadia FWD 2019: 2 trims
    Canyon 2WD 2019: 4 trims
    Canyon 4WD 2019: 3 trims
    Canyon Cab Chassis 2WD 2019: 1 trims
    Sierra C10 2WD 2019: 6 trims
    Sierra C10 Cab Chassis 2WD 2019: 2 trims
    Sierra C10 XFE 2WD 2019: 1 trims
    Sierra K10 4WD 2019: 7 trims
    Sierra K10 4WD AT4 2019: 2 trims
    Sierra K10 Cab Chassis 4WD 2019: 2 trims
    Sierra LTD C15 2WD 2019: 1 trims
    Sierra LTD K15 4WD 2019: 1 trims
    Terrain AWD 2019: 3 trims
    Terrain FWD 2019: 3 trims
    Yukon C1500 2WD 2019: 3 trims
    Yukon C1500 XL 2WD 2019: 3 trims
    Yukon K1500 4WD 2019: 3 trims
    Yukon K1500 XL 4WD 2019: 3 trims
Gmc 2020: 8 models
    Acadia AWD 2020: 2 trims
    Acadia FWD 2020: 3 trims
    Canyon 2WD 2020: 3 trims
    Canyon 4WD 2020: 3 trims
    Sierra 2WD 2020: 8 trims
    Sierra 4WD 2020: 9 trims
    Sierra 4WD AT4 2020: 5 trims
    Sierra Cab Chassis 2WD 2020: 2 trims
    Sierra Cab Chassis 4WD 2020: 2 trims
    Terrain AWD 2020: 2 trims
    Terrain FWD 2020: 2 trims
    Yukon C1500 2WD 2020: 3 trims
    Yukon C1500 XL 2WD 2020: 3 trims
    Yukon K1500 4WD 2020: 3 trims
    Yukon K1500 XL 4WD 2020: 3 trims
Gmc 2021: 8 models
    Acadia AWD 2021: 2 trims
    Acadia FWD 2021: 3 trims
    Canyon 2WD 2021: 3 trims
    Canyon 4WD 2021: 3 trims
    Sierra 2WD 2021: 9 trims
    Sierra 4WD 2021: 13 trims
    Sierra 4WD AT4 2021: 8 trims
    Sierra Cab Chassis 2WD 2021: 3 trims
    Sierra Cab Chassis 4WD 2021: 3 trims
    Terrain AWD 2021: 1 trims
    Terrain FWD 2021: 1 trims
    Yukon 2WD 2021: 5 trims
    Yukon 4WD 2021: 5 trims
    Yukon XL 2WD 2021: 5 trims
    Yukon XL 4WD 2021: 5 trims
Gmc 2022: 10 models
    Acadia AWD 2022: 2 trims
    Acadia FWD 2022: 2 trims
    Canyon 2WD 2022: 3 trims
    Canyon 4WD 2022: 3 trims
    Sierra 2WD 2022: 8 trims
    Sierra 4WD 2022: 13 trims
    Sierra Cab Chassis 2WD 2022: 2 trims
    Sierra Cab Chassis 4WD 2022: 3 trims
    Sierra Mud Terrain Tires 4WD 2022: 8 trims
    Terrain AWD 2022: 1 trims
    Terrain FWD 2022: 1 trims
    Yukon 2WD 2022: 5 trims
    Yukon 4WD 2022: 5 trims
    Yukon XL 2WD 2022: 5 trims
    Yukon XL 4WD 2022: 5 trims
Gmc 2023: 10 models
    Acadia AWD 2023: 2 trims
    Acadia FWD 2023: 2 trims
    Canyon 2WD 2023: 1 trims
    Canyon 4WD 2023: 1 trims
    Canyon AT4X 4WD 2023: 1 trims
    Canyon Mud Terrain Tires 4WD 2023: 1 trims
    Sierra 2WD 2023: 7 trims
    Sierra 4WD 2023: 8 trims
    Sierra 4WD AT4X 2023: 1 trims
    Sierra Cab Chassis 2WD 2023: 1 trims
    Sierra Cab Chassis 4WD 2023: 1 trims
    Sierra Mud Terrain Tires 4WD 2023: 6 trims
    Terrain AWD 2023: 1 trims
    Terrain FWD 2023: 1 trims
    Yukon 2WD 2023: 3 trims
    Yukon 4WD 2023: 3 trims
    Yukon XL 2WD 2023: 3 trims
    Yukon XL 4WD 2023: 3 trims
Gmc 2024: 12 models
    Acadia AWD 2024: 1 trims
    Acadia FWD 2024: 1 trims
    Canyon 2WD 2024: 1 trims
    Canyon 4WD 2024: 1 trims
    Canyon AT4X 4WD 2024: 1 trims
    Canyon AT4X AEV 4WD 2024: 1 trims
    Canyon Mud Terrain Tires 4WD 2024: 1 trims
    Hummer EV Pickup 2024: 1 trims
    Hummer EV Pickup 2M20 2024: 1 trims
    Hummer EV Pickup MT Tires 2024: 1 trims
    Hummer EV Pickup MT Tires 2M20 2024: 1 trims
    Hummer EV SUV 2024: 1 trims
    Hummer EV SUV 2M20 2024: 1 trims
    Hummer EV SUV MT Tires 2024: 1 trims
    Hummer EV SUV MT Tires 2M20 2024: 1 trims
    Sierra 2WD 2024: 7 trims
    Sierra 4WD 2024: 8 trims
    Sierra 4WD AT4X 2024: 2 trims
    Sierra Cab Chassis 2WD 2024: 1 trims
    Sierra Cab Chassis 4WD 2024: 1 trims
    Sierra Mud Terrain Tires 4WD 2024: 7 trims
    Terrain AWD 2024: 1 trims
    Terrain FWD 2024: 1 trims
    Yukon 2WD 2024: 3 trims
    Yukon 4WD 2024: 3 trims
    Yukon XL 2WD 2024: 3 trims
    Yukon XL 4WD 2024: 3 trims
Gmc 2025: 12 models
    Acadia AWD 2025: 1 trims
    Acadia FWD 2025: 1 trims
    Canyon 2WD 2025: 1 trims
    Canyon 4WD 2025: 1 trims
    Canyon AT4X 4WD 2025: 1 trims
    Canyon AT4X AEV 4WD 2025: 1 trims
    Hummer EV Pickup 2X 2025: 1 trims
    Hummer EV Pickup 3X 2025: 1 trims
    Hummer EV Pickup MT Tires 2X 2025: 1 trims
    Hummer EV Pickup MT Tires 3X 2025: 1 trims
    Hummer EV SUV 2X 2025: 1 trims
    Hummer EV SUV 3X 2025: 1 trims
    Hummer EV SUV MT Tires 2X 2025: 1 trims
    Hummer EV SUV MT Tires 3X 2025: 1 trims
    Sierra 2WD 2025: 5 trims
    Sierra 4WD 2025: 8 trims
    Sierra 4WD AT4X 2025: 2 trims
    Sierra Cab Chassis 2WD 2025: 1 trims
    Sierra Cab Chassis 4WD 2025: 1 trims
    Sierra EV 2025: 1 trims
    Sierra Mud Terrain Tires 4WD 2025: 7 trims
    Terrain AWD 2025: 1 trims
    Terrain FWD 2025: 1 trims
    Yukon 2WD 2025: 3 trims
    Yukon 4WD 2025: 3 trims
    Yukon XL 2WD 2025: 3 trims
    Yukon XL 4WD 2025: 3 trims
Gmc 2026: 12 models
    Acadia AWD 2026: 1 trims
    Acadia FWD 2026: 1 trims
    Canyon 2WD 2026: 1 trims
    Canyon 4WD 2026: 1 trims
    Canyon AT4X 4WD 2026: 1 trims
    Canyon AT4X AEV 4WD 2026: 1 trims
    Canyon Mud Terrain Tires 4WD 2026: 1 trims
    Sierra 2WD 2026: 3 trims
    Sierra 2WD with Sport Mode 2026: 2 trims
    Sierra 4WD 2026: 4 trims
    Sierra 4WD (Flex Fuel) 2026: 1 trims
    Sierra 4WD AT4X 2026: 2 trims
    Sierra 4WD with Sport Mode 2026: 2 trims
    Sierra Cab Chassis 2WD 2026: 1 trims
    Sierra Cab Chassis 4WD 2026: 1 trims
    Sierra EV 14-mod battery, 11kW 15-mode charger 2026: 1 trims
    Sierra EV 20-mod battery, 11kW 15-mode charger 2026: 1 trims
    Sierra EV 20-mod battery, 19kW 15-mode charger 2026: 1 trims
    Sierra Mud Terrain Tires 4WD 2026: 4 trims
    Sierra Mud Terrain Tires 4WD (Flex Fuel) 2026: 1 trims
    Sierra Mud Terrain Tires 4WD (Sport Mode) 2026: 1 trims
    Terrain AWD 2026: 1 trims
    Terrain AWD  Denali/AT4 2026: 1 trims
    Terrain FWD 2026: 1 trims
    Yukon 2WD 2026: 3 trims
    Yukon 4WD 2026: 3 trims
    Yukon XL 2WD 2026: 3 trims
    Yukon XL 4WD 2026: 3 trims
Ram 2015: 11 models
    1500 2WD 2015: 5 trims
    1500 4WD 2015: 5 trims
    1500 HFE 2WD 2015: 2 trims
    Promaster City 2015: 1 trims
Ram 2016: 11 models
    1500 2WD 2016: 4 trims
    1500 4WD 2016: 4 trims
    1500 HFE 2WD 2016: 2 trims
    Promaster City 2016: 1 trims
Ram 2017: 10 models
    1500 2WD 2017: 3 trims
    1500 4WD 2017: 4 trims
    Promaster City 2017: 1 trims
Ram 2018: 10 models
    1500 2WD 2018: 3 trims
    1500 4WD 2018: 4 trims
    Promaster City 2018: 1 trims
Ram 2019: 10 models
    1500 2WD 2019: 3 trims
    1500 4WD 2019: 3 trims
    1500 Classic 2WD 2019: 3 trims
    1500 Classic 4WD 2019: 3 trims
    1500 HFE 2WD 2019: 1 trims
    Promaster City 2019: 1 trims
Ram 2020: 10 models
    1500 2WD 2020: 4 trims
    1500 4WD 2020: 4 trims
    1500 Classic 2WD 2020: 2 trims
    1500 Classic 4WD 2020: 2 trims
    1500 HFE 2WD 2020: 1 trims
    Promaster City 2020: 1 trims
Ram 2021: 10 models
    1500 2WD 2021: 4 trims
    1500 4WD 2021: 4 trims
    1500 Classic 2WD 2021: 2 trims
    1500 Classic 4WD 2021: 2 trims
    1500 HFE 2WD 2021: 2 trims
    1500 TRX 4WD 2021: 1 trims
    Promaster City 2021: 1 trims
Ram 2022: 10 models
    1500 2WD 2022: 4 trims
    1500 4WD 2022: 4 trims
    1500 Classic 2WD 2022: 2 trims
    1500 Classic 4WD 2022: 2 trims
    1500 HFE 2WD 2022: 2 trims
    1500 TRX 4WD 2022: 1 trims
    Promaster City 2022: 1 trims
Ram 2023: 10 models
    1500 2WD 2023: 3 trims
    1500 4WD 2023: 4 trims
    1500 Classic 2WD 2023: 2 trims
    1500 Classic 4WD 2023: 2 trims
    1500 HFE 2WD 2023: 1 trims
    1500 TRX 4WD 2023: 1 trims
Ram 2024: 9 models
    1500 2WD 2024: 2 trims
    1500 4WD 2024: 2 trims
    1500 Classic 2WD 2024: 2 trims
    1500 Classic 4WD 2024: 2 trims
    1500 HFE 2WD 2024: 1 trims
    1500 TRX 4WD 2024: 1 trims
Ram 2025: 7 models
    1500 2WD 2025: 2 trims
    1500 4WD 2025: 2 trims
    1500 HFE 2WD 2025: 1 trims
    1500 HO 4WD 2025: 1 trims
    1500 RHO 4WD 2025: 1 trims
Ram 2026: 7 models
    1500 2WD 2026: 3 trims
    1500 4WD 2026: 4 trims
    1500 HO 4WD 2026: 1 trims
    1500 RHO 4WD 2026: 1 trims
Volkswagen 2015: 11 models
    Beetle 2015: 6 trims
    Beetle Convertible 2015: 5 trims
    CC 2015: 2 trims
    CC 4motion 2015: 1 trims
    e-Golf 2015: 1 trims
    Eos 2015: 1 trims
    Golf 2015: 4 trims
    Golf R 2015: 1 trims
    Golf SportWagen 2015: 4 trims
    GTI 2015: 2 trims
    Jetta 2015: 8 trims
    Jetta Hybrid 2015: 1 trims
    Passat 2015: 5 trims
    Tiguan 2015: 1 trims
    Tiguan 4motion 2015: 1 trims
    Touareg 2015: 2 trims
    Touareg Hybrid 2015: 1 trims
Volkswagen 2016: 12 models
    Beetle 2016: 4 trims
    Beetle Convertible 2016: 3 trims
    Beetle Dune 2016: 1 trims
    Beetle Dune Convertible 2016: 1 trims
    CC 2016: 2 trims
    CC 4motion 2016: 1 trims
    e-Golf 2016: 1 trims
    Eos 2016: 1 trims
    Golf 2016: 2 trims
    Golf R 2016: 2 trims
    Golf SportWagen 2016: 2 trims
    Jetta 2016: 6 trims
    Jetta Hybrid 2016: 1 trims
    Passat 2016: 2 trims
    Tiguan 2016: 1 trims
    Tiguan 4motion 2016: 1 trims
    Touareg 2016: 2 trims
Volkswagen 2017: 12 models
    Beetle 2017: 2 trims
    Beetle Convertible 2017: 1 trims
    Beetle Dune 2017: 1 trims
    Beetle Dune Convertible 2017: 1 trims
    CC 2017: 1 trims
    CC 4motion 2017: 1 trims
    e-Golf 2017: 1 trims
    Golf 2017: 2 trims
    Golf Alltrack 2017: 2 trims
    Golf R 2017: 2 trims
    Golf SportWagen 2017: 2 trims
    Golf SportWagen 4motion 2017: 2 trims
    Jetta 2017: 5 trims
    Passat 2017: 2 trims
    Tiguan 2017: 1 trims
    Tiguan 4motion 2017: 1 trims
    Touareg 2017: 1 trims
Volkswagen 2018: 14 models
    Atlas 2018: 2 trims
    Atlas 4motion 2018: 1 trims
    Beetle 2018: 1 trims
    Beetle Convertible 2018: 1 trims
    Beetle Dune 2018: 1 trims
    Beetle Dune Convertible 2018: 1 trims
    e-Golf 2018: 1 trims
    Golf 2018: 2 trims
    Golf Alltrack 2018: 2 trims
    Golf R 2018: 2 trims
    Golf SportWagen 2018: 2 trims
    Golf SportWagen 4motion 2018: 2 trims
    Jetta 2018: 4 trims
    Passat 2018: 2 trims
    Tiguan 2018: 1 trims
    Tiguan 4motion 2018: 1 trims
    Tiguan Limited 2018: 1 trims
    Tiguan Limited 4motion 2018: 1 trims
Volkswagen 2019: 12 models
    Arteon 2019: 1 trims
    Arteon 4motion 2019: 1 trims
    Atlas 2019: 2 trims
    Atlas 4motion 2019: 1 trims
    Beetle 2019: 1 trims
    Beetle Convertible 2019: 1 trims
    e-Golf 2019: 1 trims
    Golf 2019: 2 trims
    Golf Alltrack 2019: 2 trims
    Golf R 2019: 2 trims
    Golf SportWagen 2019: 2 trims
    Golf SportWagen 4motion 2019: 2 trims
    Jetta 2019: 2 trims
    Jetta GLI 2019: 2 trims
    Passat 2019: 1 trims
    Tiguan 2019: 1 trims
    Tiguan 4motion 2019: 1 trims
Volkswagen 2020: 12 models
    Arteon 2020: 1 trims
    Arteon 4motion 2020: 1 trims
    Atlas 2020: 2 trims
    Atlas 4motion 2020: 1 trims
    Atlas Cross Sport 2020: 2 trims
    Atlas Cross Sport 4motion 2020: 2 trims
    Golf 2020: 2 trims
    Jetta 2020: 4 trims
    Passat 2020: 1 trims
    Tiguan 2020: 1 trims
    Tiguan 4motion 2020: 1 trims
Volkswagen 2021: 10 models
    Arteon 2021: 1 trims
    Arteon 4motion 2021: 1 trims
    Atlas 2021: 2 trims
    Atlas 4motion 2021: 2 trims
    Atlas Cross Sport 2021: 2 trims
    Atlas Cross Sport 4motion 2021: 2 trims
    Golf 2021: 2 trims
    ID.4 1st 2021: 1 trims
    ID.4 AWD Pro 2021: 1 trims
    ID.4 AWD Pro S 2021: 1 trims
    ID.4 Pro 2021: 1 trims
    ID.4 Pro S 2021: 1 trims
    Jetta 2021: 2 trims
    Jetta GLI 2021: 2 trims
    Passat 2021: 1 trims
    Tiguan 2021: 1 trims
    Tiguan 4motion 2021: 1 trims
Volkswagen 2022: 11 models
    Arteon 2022: 1 trims
    Arteon 4motion 2022: 1 trims
    Atlas 2022: 2 trims
    Atlas 4motion 2022: 2 trims
    Atlas Cross Sport 2022: 2 trims
    Atlas Cross Sport 4motion 2022: 2 trims
    ID.4 AWD Pro 2022: 1 trims
    ID.4 AWD Pro S 2022: 1 trims
    ID.4 Pro 2022: 1 trims
    ID.4 Pro S 2022: 1 trims
    Jetta 2022: 2 trims
    Jetta SE/SEL 2022: 1 trims
    Passat 2022: 1 trims
    Taos 2022: 1 trims
    Taos 4motion 2022: 1 trims
    Tiguan 2022: 1 trims
    Tiguan 4motion 2022: 1 trims
    Tiguan R-Line 4motion 2022: 1 trims
Volkswagen 2023: 10 models
    Arteon 2023: 1 trims
    Arteon 4motion 2023: 1 trims
    Atlas 2023: 2 trims
    Atlas 4motion 2023: 2 trims
    Atlas Cross Sport 2023: 2 trims
    Atlas Cross Sport 4motion 2023: 2 trims
    ID.4 2023: 1 trims
    ID.4 AWD Pro 2023: 1 trims
    ID.4 AWD Pro S 2023: 1 trims
    ID.4 Pro 2023: 1 trims
    ID.4 Pro S 2023: 1 trims
    ID.4 S 2023: 1 trims
    Jetta 2023: 2 trims
    Jetta Sport/SE/SEL 2023: 1 trims
    Taos 2023: 1 trims
    Taos 4motion 2023: 1 trims
    Tiguan 2023: 1 trims
    Tiguan 4motion 2023: 1 trims
    Tiguan R-Line 4motion 2023: 1 trims
    Tiguan S 2023: 1 trims
Volkswagen 2024: 9 models
    Atlas 2024: 1 trims
    Atlas 4motion Peak Edition 2024: 1 trims
    Atlas Cross Sport 2024: 1 trims
    Atlas Cross Sport 4motion 2024: 1 trims
    Atlas SE 4motion 2024: 1 trims
    Atlas SEL 4motion 2024: 1 trims
    Golf R 2024: 2 trims
    ID.4 2024: 1 trims
    ID.4 AWD Pro 2024: 1 trims
    ID.4 AWD Pro S 2024: 1 trims
    ID.4 Pro 2024: 1 trims
    ID.4 Pro S 2024: 1 trims
    ID.4 S 2024: 1 trims
    Jetta 2024: 2 trims
    Jetta Sport/SE/SEL 2024: 1 trims
    Taos 2024: 1 trims
    Taos 4motion 2024: 1 trims
    Tiguan 2024: 1 trims
    Tiguan 4motion 2024: 1 trims
    Tiguan R-Line 4motion 2024: 1 trims
    Tiguan S 2024: 1 trims
Volkswagen 2025: 10 models
    Atlas 2025: 1 trims
    Atlas 4motion Peak Edition 2025: 1 trims
    Atlas Cross Sport 2025: 1 trims
    Atlas Cross Sport 4motion 2025: 1 trims
    Atlas SE 4motion 2025: 1 trims
    Atlas SEL 4motion 2025: 1 trims
    Golf R 2025: 1 trims
    GTI 2025: 1 trims
    ID. Buzz 2025: 1 trims
    ID. Buzz 4motion 2025: 1 trims
    ID.4 2025: 1 trims
    ID.4 AWD Pro 2025: 1 trims
    ID.4 AWD Pro S 2025: 1 trims
    ID.4 Pro 2025: 1 trims
    ID.4 Pro S 2025: 1 trims
    ID.4 S 2025: 1 trims
    Jetta 2025: 1 trims
    Jetta Sport/SE/SEL 2025: 1 trims
    Taos 2025: 1 trims
    Taos 4motion 2025: 1 trims
    Tiguan 2025: 1 trims
    Tiguan 4motion 2025: 1 trims
    Tiguan S 2025: 1 trims
Volkswagen 2026: 10 models
    Atlas 2026: 1 trims
    Atlas 4motion Peak Edition 2026: 1 trims
    Atlas Cross Sport 2026: 1 trims
    Atlas Cross Sport 4motion 2026: 1 trims
    Atlas SE 4motion 2026: 1 trims
    Atlas SEL 4motion 2026: 1 trims
    Golf R 2026: 1 trims
    ID.4 2026: 1 trims
    ID.4 AWD 2026: 1 trims
    Jetta 2026: 1 trims
    Jetta Sport/SE/SEL 2026: 1 trims
    Taos 2026: 1 trims
    Taos 4motion 2026: 1 trims
    Tiguan 2026: 1 trims
    Tiguan 4motion 2026: 1 trims
    Tiguan S 2026: 1 trims
    Tiguan SEL 4Motion 2026: 1 trims
Dodge 2015: 8 models
    Challenger 2015: 5 trims
    Challenger SRT8 2015: 4 trims
    Charger 2015: 3 trims
    Charger AWD 2015: 2 trims
    Charger SRT8 2015: 2 trims
    Dart 2015: 5 trims
    Dart Aero 2015: 2 trims
    Dart GT 2015: 2 trims
    Durango AWD 2015: 2 trims
    Durango RWD 2015: 2 trims
    Grand Caravan 2015: 2 trims
    Journey AWD 2015: 1 trims
    Journey FWD 2015: 2 trims
    Viper SRT 2015: 1 trims
Dodge 2016: 8 models
    Challenger 2016: 5 trims
    Challenger SRT8 2016: 4 trims
    Charger 2016: 4 trims
    Charger AWD 2016: 2 trims
    Charger SRT8 2016: 2 trims
    Dart 2016: 6 trims
    Dart Aero 2016: 2 trims
    Dart GT 2016: 2 trims
    Durango AWD 2016: 2 trims
    Durango RWD 2016: 2 trims
    Grand Caravan 2016: 2 trims
    Journey 2016: 2 trims
    Journey AWD 2016: 1 trims
    Viper SRT 2016: 1 trims
Dodge 2017: 7 models
    Challenger 2017: 5 trims
    Challenger GT 2017: 1 trims
    Challenger SRT 2017: 4 trims
    Charger 2017: 4 trims
    Charger AWD 2017: 2 trims
    Charger SRT 2017: 2 trims
    Durango AWD 2017: 2 trims
    Durango RWD 2017: 2 trims
    Grand Caravan 2017: 2 trims
    Journey 2017: 2 trims
    Journey AWD 2017: 1 trims
    Viper 2017: 1 trims
Dodge 2018: 6 models
    Challenger 2018: 5 trims
    Challenger GT 2018: 1 trims
    Challenger SRT 2018: 4 trims
    Charger 2018: 4 trims
    Charger AWD 2018: 2 trims
    Charger SRT 2018: 2 trims
    Durango AWD 2018: 2 trims
    Durango RWD 2018: 2 trims
    Durango SRT AWD 2018: 1 trims
    Grand Caravan 2018: 2 trims
    Journey 2018: 2 trims
    Journey AWD 2018: 1 trims
Dodge 2019: 6 models
    Challenger 2019: 5 trims
    Challenger GT 2019: 1 trims
    Challenger SRT 2019: 2 trims
    Charger 2019: 4 trims
    Charger AWD 2019: 1 trims
    Charger SRT 2019: 1 trims
    Durango AWD 2019: 2 trims
    Durango RWD 2019: 2 trims
    Durango SRT AWD 2019: 1 trims
    Grand Caravan 2019: 2 trims
    Journey 2019: 2 trims
    Journey AWD 2019: 1 trims
Dodge 2020: 6 models
    Challenger 2020: 5 trims
    Challenger AWD 2020: 1 trims
    Challenger SRT 2020: 2 trims
    Challenger SRT Widebody 2020: 2 trims
    Challenger Widebody 2020: 2 trims
    Charger 2020: 3 trims
    Charger AWD 2020: 1 trims
    Charger SRT Widebody 2020: 1 trims
    Charger Widebody 2020: 1 trims
    Durango AWD 2020: 2 trims
    Durango RWD 2020: 2 trims
    Durango SRT AWD 2020: 1 trims
    Grand Caravan 2020: 1 trims
    Journey 2020: 1 trims
Dodge 2021: 6 models
    Challenger 2021: 5 trims
    Challenger AWD 2021: 1 trims
    Challenger SRT 2021: 2 trims
    Challenger SRT Widebody 2021: 2 trims
    Challenger Widebody 2021: 2 trims
    Charger 2021: 3 trims
    Charger AWD 2021: 1 trims
    Charger SRT Widebody 2021: 1 trims
    Charger Widebody 2021: 1 trims
    Durango AWD 2021: 2 trims
    Durango RWD 2021: 2 trims
    Durango SRT AWD 2021: 2 trims
Dodge 2022: 6 models
    Challenger 2022: 5 trims
    Challenger AWD 2022: 1 trims
    Challenger SRT 2022: 2 trims
    Challenger SRT Widebody 2022: 2 trims
    Challenger Widebody 2022: 2 trims
    Charger 2022: 3 trims
    Charger AWD 2022: 1 trims
    Charger SRT Widebody 2022: 1 trims
    Charger Widebody 2022: 1 trims
    Durango AWD 2022: 2 trims
    Durango RWD 2022: 2 trims
    Durango SRT AWD 2022: 1 trims
Dodge 2023: 7 models
    Challenger 2023: 5 trims
    Challenger AWD 2023: 1 trims
    Challenger SRT 2023: 2 trims
    Challenger SRT Demon 170 2023: 1 trims
    Challenger SRT Widebody 2023: 2 trims
    Challenger Widebody 2023: 2 trims
    Charger 2023: 3 trims
    Charger AWD 2023: 1 trims
    Charger SRT Widebody 2023: 1 trims
    Charger Widebody 2023: 1 trims
    Durango AWD 2023: 2 trims
    Durango RWD 2023: 2 trims
    Durango SRT AWD 2023: 2 trims
    Hornet AWD 2023: 1 trims
Dodge 2024: 5 models
    Charger 2-Dr Daytona R/T AWD 18in 2024: 1 trims
    Charger 2-Dr Daytona R/T AWD 20in Goodyear 2024: 1 trims
    Charger 2-Dr Daytona R/T AWD 20in Nexen 2024: 1 trims
    Charger 2-Dr Daytona Scat Pack Track Pack AWD 2024: 1 trims
    Charger 2-Dr Daytona Scat Pack Track Pack AWD A/S 2024: 1 trims
    Durango AWD 2024: 2 trims
    Durango RWD 2024: 2 trims
    Durango SRT AWD 2024: 2 trims
    Hornet AWD 2024: 1 trims
    Hornet PHEV AWD 2024: 1 trims
Dodge 2025: 5 models
    Charger Daytona R/T AWD 245/55ZR18 2025: 1 trims
    Charger Daytona R/T AWD 255/45R20 2025: 1 trims
    Charger Daytona R/T AWD 275/40R20 2025: 1 trims
    Charger Daytona R/T AWD 305/35ZR20 2025: 1 trims
    Charger Daytona Scat Pack AWD 305/35ZR20 2025: 1 trims
    Charger Daytona Scat Pack AWD 325/35ZR20 Rear 2025: 1 trims
    Charger Daytona Scat Pack AWD 325/35ZR20 Rear A/S 2025: 1 trims
    Durango AWD 2025: 2 trims
    Durango RWD 2025: 2 trims
    Durango SRT AWD 2025: 1 trims
    Hornet AWD 2025: 1 trims
    Hornet PHEV AWD 2025: 1 trims
Dodge 2026: 5 models
    Charger Daytona R/T AWD 245/55ZR18 2026: 1 trims
    Charger Daytona R/T AWD 255/45R20 2026: 1 trims
    Charger Daytona R/T AWD 275/40R20 2026: 1 trims
    Charger Daytona R/T AWD 305/35ZR20 2026: 1 trims
    Charger Daytona Scat Pack AWD 305/35ZR20 2026: 1 trims
    Charger Daytona Scat Pack AWD 325/35ZR20 Rear 2026: 1 trims
    Charger Daytona Scat Pack AWD 325/35ZR20 Rear A/S 2026: 1 trims
    Charger R/T AWD 2026: 1 trims
    Charger Scat Pack AWD 2026: 1 trims
    Durango AWD 2026: 4 trims
    Durango RWD 2026: 1 trims
Chrysler 2015: 3 models
    200 2015: 4 trims
    200 AWD 2015: 2 trims
    300 2015: 3 trims
    300 AWD 2015: 2 trims
    Town and Country 2015: 2 trims
Chrysler 2016: 3 models
    200 2016: 3 trims
    200 AWD 2016: 1 trims
    300 2016: 3 trims
    300 AWD 2016: 2 trims
    Town and Country 2016: 2 trims
Chrysler 2017: 3 models
    200 2017: 3 trims
    200 AWD 2017: 1 trims
    300 2017: 3 trims
    300 AWD 2017: 2 trims
    Pacifica 2017: 2 trims
    Pacifica Hybrid 2017: 1 trims
Chrysler 2018: 2 models
    300 2018: 3 trims
    300 AWD 2018: 2 trims
    Pacifica 2018: 2 trims
    Pacifica Hybrid 2018: 1 trims
Chrysler 2019: 2 models
    300 2019: 3 trims
    300 AWD 2019: 2 trims
    Pacifica 2019: 2 trims
    Pacifica Hybrid 2019: 1 trims
Chrysler 2020: 3 models
    300 2020: 2 trims
    300 AWD 2020: 1 trims
    Pacifica 2020: 1 trims
    Pacifica AWD 2020: 1 trims
    Pacifica Hybrid 2020: 1 trims
    Voyager 2020: 1 trims
Chrysler 2021: 4 models
    300 2021: 2 trims
    300 AWD 2021: 1 trims
    Pacifica 2021: 1 trims
    Pacifica AWD 2021: 1 trims
    Pacifica Hybrid 2021: 1 trims
    Voyager 2021: 1 trims
Chrysler 2022: 4 models
    300 2022: 2 trims
    300 AWD 2022: 1 trims
    Pacifica 2022: 1 trims
    Pacifica AWD 2022: 1 trims
    Pacifica Hybrid 2022: 1 trims
    Voyager 2022: 1 trims
Chrysler 2023: 4 models
    300 2023: 3 trims
    300 AWD 2023: 1 trims
    Pacifica 2023: 1 trims
    Pacifica AWD 2023: 1 trims
    Pacifica Hybrid 2023: 1 trims
    Voyager 2023: 1 trims
Chrysler 2024: 4 models
    Pacifica 2024: 1 trims
    Pacifica AWD 2024: 1 trims
    Pacifica Hybrid 2024: 1 trims
    Voyager 2024: 1 trims
Chrysler 2025: 4 models
    Pacifica 2025: 1 trims
    Pacifica AWD 2025: 1 trims
    Pacifica Hybrid 2025: 1 trims
    Voyager 2025: 1 trims
Chrysler 2026: 4 models
    Pacifica 2026: 1 trims
    Pacifica Hybrid 2026: 1 trims
    Voyager 2026: 1 trims
Buick 2015: 5 models
    Enclave AWD 2015: 1 trims
    Enclave FWD 2015: 1 trims
    Encore 2015: 1 trims
    Encore AWD 2015: 1 trims
    LaCrosse 2015: 2 trims
    LaCrosse AWD 2015: 1 trims
    LaCrosse eAssist 2015: 1 trims
    Regal 2015: 3 trims
    Regal AWD 2015: 1 trims
    Regal eAssist 2015: 1 trims
    Verano 2015: 3 trims
Buick 2016: 7 models
    Cascada 2016: 1 trims
    Enclave AWD 2016: 1 trims
    Enclave FWD 2016: 1 trims
    Encore 2016: 2 trims
    Encore AWD 2016: 2 trims
    Envision AWD 2016: 1 trims
    LaCrosse 2016: 2 trims
    LaCrosse AWD 2016: 1 trims
    LaCrosse eAssist 2016: 1 trims
    Regal 2016: 3 trims
    Regal AWD 2016: 1 trims
    Regal eAssist 2016: 1 trims
    Verano 2016: 3 trims
Buick 2017: 7 models
    Cascada 2017: 1 trims
    Enclave AWD 2017: 1 trims
    Enclave FWD 2017: 1 trims
    Encore 2017: 2 trims
    Encore AWD 2017: 2 trims
    Envision AWD 2017: 2 trims
    Envision FWD 2017: 1 trims
    LaCrosse 2017: 1 trims
    LaCrosse AWD 2017: 1 trims
    Regal 2017: 2 trims
    Regal AWD 2017: 1 trims
    Verano 2017: 1 trims
Buick 2018: 7 models
    Cascada 2018: 1 trims
    Enclave AWD 2018: 1 trims
    Enclave FWD 2018: 1 trims
    Encore 2018: 2 trims
    Encore AWD 2018: 2 trims
    Envision AWD 2018: 2 trims
    Envision FWD 2018: 1 trims
    LaCrosse 2018: 1 trims
    LaCrosse AWD 2018: 1 trims
    LaCrosse eAssist 2018: 1 trims
    Regal 2018: 1 trims
    Regal AWD 2018: 2 trims
    Regal TourX AWD 2018: 1 trims
Buick 2019: 7 models
    Cascada 2019: 1 trims
    Enclave AWD 2019: 1 trims
    Enclave FWD 2019: 1 trims
    Encore 2019: 2 trims
    Encore AWD 2019: 2 trims
    Envision AWD 2019: 2 trims
    Envision FWD 2019: 1 trims
    LaCrosse 2019: 1 trims
    LaCrosse AWD 2019: 1 trims
    LaCrosse eAssist 2019: 1 trims
    Regal 2019: 1 trims
    Regal AWD 2019: 2 trims
    Regal TourX AWD 2019: 1 trims
Buick 2020: 6 models
    Enclave AWD 2020: 1 trims
    Enclave FWD 2020: 1 trims
    Encore AWD 2020: 1 trims
    Encore FWD 2020: 1 trims
    Encore GX AWD 2020: 1 trims
    Encore GX FWD 2020: 2 trims
    Envision AWD 2020: 2 trims
    Envision FWD 2020: 1 trims
    Regal 2020: 1 trims
    Regal AWD 2020: 2 trims
    Regal TourX AWD 2020: 1 trims
Buick 2021: 4 models
    Enclave AWD 2021: 1 trims
    Enclave FWD 2021: 1 trims
    Encore AWD 2021: 2 trims
    Encore FWD 2021: 2 trims
    Encore GX AWD 2021: 1 trims
    Encore GX FWD 2021: 2 trims
    Envision AWD 2021: 1 trims
    Envision FWD 2021: 1 trims
Buick 2022: 4 models
    Enclave AWD 2022: 1 trims
    Enclave FWD 2022: 1 trims
    Encore AWD 2022: 1 trims
    Encore FWD 2022: 1 trims
    Encore GX AWD 2022: 1 trims
    Encore GX FWD 2022: 2 trims
    Envision AWD 2022: 1 trims
    Envision FWD 2022: 1 trims
Buick 2023: 4 models
    Enclave AWD 2023: 1 trims
    Enclave FWD 2023: 1 trims
    Encore GX AWD 2023: 1 trims
    Encore GX FWD 2023: 2 trims
    Envision AWD 2023: 1 trims
    Envision FWD 2023: 1 trims
Buick 2024: 5 models
    Enclave AWD 2024: 1 trims
    Enclave FWD 2024: 1 trims
    Encore GX AWD 2024: 1 trims
    Encore GX FWD 2024: 2 trims
    Envision AWD 2024: 1 trims
    Envista 2024: 1 trims
Buick 2025: 5 models
    Enclave AWD 2025: 1 trims
    Enclave FWD 2025: 1 trims
    Encore GX AWD 2025: 1 trims
    Encore GX FWD 2025: 2 trims
    Envision AWD 2025: 1 trims
    Envista 2025: 2 trims
Buick 2026: 5 models
    Enclave AWD 2026: 1 trims
    Enclave FWD 2026: 1 trims
    Encore GX AWD 2026: 1 trims
    Encore GX FWD 2026: 1 trims
    Encore GX FWD (Flex Fuel) 2026: 1 trims
    Envision AWD 2026: 1 trims
    Envista 2026: 1 trims
    Envista (Flex Fuel) 2026: 1 trims
Lexus 2015: 11 models
    CT 200h 2015: 1 trims
    ES 300h 2015: 1 trims
    ES 350 2015: 1 trims
    GS 350 2015: 1 trims
    GS 350 AWD 2015: 1 trims
    GS 450h 2015: 1 trims
    GX 460 2015: 1 trims
    IS 250 2015: 1 trims
    IS 250 AWD 2015: 1 trims
    IS 250 C 2015: 1 trims
    IS 350 2015: 1 trims
    IS 350 AWD 2015: 1 trims
    IS 350 C 2015: 1 trims
    LS 460 2015: 1 trims
    LS 460 AWD 2015: 1 trims
    LS 460 L 2015: 1 trims
    LS 460 L AWD 2015: 1 trims
    LS 600h L 2015: 1 trims
    LX 570 2015: 1 trims
    NX 200t 2015: 1 trims
    NX 200t AWD 2015: 1 trims
    NX 200t AWD F Sport 2015: 1 trims
    NX 300h 2015: 1 trims
    NX 300h AWD 2015: 1 trims
    RC 350 2015: 1 trims
    RC 350 AWD 2015: 1 trims
    RC F 2015: 1 trims
    RX 350 2015: 1 trims
    RX 350 AWD 2015: 2 trims
    RX 450h 2015: 1 trims
    RX 450h AWD 2015: 1 trims
Lexus 2016: 11 models
    CT 200h 2016: 1 trims
    ES 300h 2016: 1 trims
    ES 350 2016: 1 trims
    GS 200t 2016: 1 trims
    GS 200t F Sport 2016: 1 trims
    GS 350 2016: 1 trims
    GS 350 AWD 2016: 1 trims
    GS 350 F Sport 2016: 1 trims
    GS 450h 2016: 1 trims
    GS F 2016: 1 trims
    GX 460 2016: 1 trims
    IS 200t 2016: 1 trims
    IS 300 AWD 2016: 1 trims
    IS 350 2016: 1 trims
    IS 350 AWD 2016: 1 trims
    LS 460 2016: 1 trims
    LS 460 AWD 2016: 1 trims
    LS 460 L 2016: 1 trims
    LS 460 L AWD 2016: 1 trims
    LS 600h L 2016: 1 trims
    LX 570 2016: 1 trims
    NX 200t 2016: 1 trims
    NX 200t AWD 2016: 1 trims
    NX 200t AWD F Sport 2016: 1 trims
    NX 300h 2016: 1 trims
    NX 300h AWD 2016: 1 trims
    RC 200t 2016: 1 trims
    RC 300 AWD 2016: 1 trims
    RC 350 2016: 1 trims
    RC 350 AWD 2016: 1 trims
    RC F 2016: 1 trims
    RX 350 2016: 1 trims
    RX 350 AWD 2016: 1 trims
    RX 450h 2016: 1 trims
    RX 450h AWD 2016: 1 trims
Lexus 2017: 11 models
    CT 200h 2017: 1 trims
    ES 300h 2017: 1 trims
    ES 350 2017: 1 trims
    GS 200t 2017: 1 trims
    GS 200t F Sport 2017: 1 trims
    GS 350 2017: 1 trims
    GS 350 AWD 2017: 1 trims
    GS 350 F Sport 2017: 1 trims
    GS 450h 2017: 1 trims
    GS F 2017: 1 trims
    GX 460 2017: 1 trims
    IS 200t 2017: 1 trims
    IS 300 AWD 2017: 1 trims
    IS 350 2017: 1 trims
    IS 350 AWD 2017: 1 trims
    LS 460 2017: 1 trims
    LS 460 AWD 2017: 1 trims
    LS 460 L 2017: 1 trims
    LS 460 L AWD 2017: 1 trims
    LX 570 2017: 1 trims
    NX 200t 2017: 1 trims
    NX 200t AWD 2017: 1 trims
    NX 200t AWD F Sport 2017: 1 trims
    NX 300h AWD 2017: 1 trims
    RC 200t 2017: 1 trims
    RC 300 AWD 2017: 1 trims
    RC 350 2017: 1 trims
    RC 350 AWD 2017: 1 trims
    RC F 2017: 1 trims
    RX 350 2017: 1 trims
    RX 350 AWD 2017: 1 trims
    RX 450h AWD 2017: 1 trims
Lexus 2018: 11 models
    ES 300h 2018: 1 trims
    ES 350 2018: 1 trims
    GS 300 2018: 1 trims
    GS 300 F Sport 2018: 1 trims
    GS 350 2018: 1 trims
    GS 350 AWD 2018: 1 trims
    GS 350 F Sport 2018: 1 trims
    GS 450h 2018: 1 trims
    GS F 2018: 1 trims
    GX 460 2018: 1 trims
    IS 300 2018: 1 trims
    IS 300 AWD 2018: 1 trims
    IS 350 2018: 1 trims
    IS 350 AWD 2018: 1 trims
    LC 500 2018: 1 trims
    LC 500h 2018: 1 trims
    LS 500 2018: 1 trims
    LS 500 AWD 2018: 1 trims
    LS 500h 2018: 1 trims
    LS 500h AWD 2018: 1 trims
    LX 570 2018: 1 trims
    NX 300 2018: 1 trims
    NX 300 AWD 2018: 1 trims
    NX 300 AWD F Sport 2018: 1 trims
    NX 300h AWD 2018: 1 trims
    RC 300 2018: 1 trims
    RC 300 AWD 2018: 1 trims
    RC 350 2018: 1 trims
    RC 350 AWD 2018: 1 trims
    RC F 2018: 1 trims
    RX 350 2018: 1 trims
    RX 350 AWD 2018: 1 trims
    RX 350 L 2018: 1 trims
    RX 350 L AWD 2018: 1 trims
    RX 450h AWD 2018: 1 trims
    RX 450h L AWD 2018: 1 trims
Lexus 2019: 12 models
    ES 300h 2019: 1 trims
    ES 350 2019: 1 trims
    ES 350 F Sport 2019: 1 trims
    GS 300 2019: 1 trims
    GS 300 F Sport 2019: 1 trims
    GS 350 2019: 1 trims
    GS 350 AWD 2019: 1 trims
    GS 350 F Sport 2019: 1 trims
    GS F 2019: 1 trims
    GX 460 2019: 1 trims
    IS 300 2019: 1 trims
    IS 300 AWD 2019: 1 trims
    IS 350 2019: 1 trims
    IS 350 AWD 2019: 1 trims
    LC 500 2019: 1 trims
    LC 500h 2019: 1 trims
    LS 500 2019: 1 trims
    LS 500 AWD 2019: 1 trims
    LS 500h 2019: 1 trims
    LS 500h AWD 2019: 1 trims
    LX 570 2019: 1 trims
    NX 300 2019: 1 trims
    NX 300 AWD 2019: 1 trims
    NX 300 AWD F Sport 2019: 1 trims
    NX 300h AWD 2019: 1 trims
    RC 300 2019: 1 trims
    RC 300 AWD 2019: 1 trims
    RC 350 2019: 1 trims
    RC 350 AWD 2019: 1 trims
    RC F 2019: 1 trims
    RX 350 2019: 1 trims
    RX 350 AWD 2019: 1 trims
    RX 350 L 2019: 1 trims
    RX 350 L AWD 2019: 1 trims
    RX 450h AWD 2019: 1 trims
    RX 450h L AWD 2019: 1 trims
    UX 200 2019: 1 trims
    UX 250h 2019: 1 trims
    UX 250h AWD 2019: 1 trims
Lexus 2020: 12 models
    ES 300h 2020: 1 trims
    ES 350 2020: 1 trims
    ES 350 F Sport 2020: 1 trims
    GS 350 2020: 1 trims
    GS 350 AWD 2020: 1 trims
    GS 350 F Sport 2020: 1 trims
    GS F 2020: 1 trims
    GX 460 2020: 1 trims
    IS 300 2020: 1 trims
    IS 300 AWD 2020: 1 trims
    IS 350 2020: 1 trims
    IS 350 AWD 2020: 1 trims
    LC 500 2020: 1 trims
    LC 500h 2020: 1 trims
    LS 500 2020: 1 trims
    LS 500 AWD 2020: 1 trims
    LS 500h 2020: 1 trims
    LS 500h AWD 2020: 1 trims
    LX 570 2020: 1 trims
    NX 300 2020: 1 trims
    NX 300 AWD 2020: 1 trims
    NX 300 AWD F Sport 2020: 1 trims
    NX 300h AWD 2020: 1 trims
    RC 300 2020: 1 trims
    RC 300 AWD 2020: 1 trims
    RC 350 2020: 1 trims
    RC 350 AWD 2020: 1 trims
    RC F 2020: 1 trims
    RX 350 2020: 1 trims
    RX 350 AWD 2020: 1 trims
    RX 350 L 2020: 1 trims
    RX 350 L AWD 2020: 1 trims
    RX 450h AWD 2020: 1 trims
    RX 450h L AWD 2020: 1 trims
    UX 200 2020: 1 trims
    UX 250h 2020: 1 trims
    UX 250h AWD 2020: 1 trims
Lexus 2021: 12 models
    ES 250 AWD 2021: 1 trims
    ES 300h 2021: 1 trims
    ES 350 2021: 1 trims
    ES 350 F Sport 2021: 1 trims
    GX 460 2021: 1 trims
    IS 300 2021: 1 trims
    IS 300 AWD 2021: 1 trims
    IS 350 2021: 1 trims
    IS 350 AWD 2021: 1 trims
    LC 500 2021: 1 trims
    LC 500 Convertible 2021: 1 trims
    LC 500h 2021: 1 trims
    LS 500 2021: 1 trims
    LS 500 AWD 2021: 1 trims
    LS 500h 2021: 1 trims
    LS 500h AWD 2021: 1 trims
    LX 570 2021: 1 trims
    NX 300 2021: 1 trims
    NX 300 AWD 2021: 1 trims
    NX 300 AWD F Sport 2021: 1 trims
    NX 300h AWD 2021: 1 trims
    RC 300 2021: 1 trims
    RC 300 AWD 2021: 1 trims
    RC 350 2021: 1 trims
    RC 350 AWD 2021: 1 trims
    RC F 2021: 1 trims
    RX 350 2021: 1 trims
    RX 350 AWD 2021: 1 trims
    RX 350 L 2021: 1 trims
    RX 350 L AWD 2021: 1 trims
    RX 450h AWD 2021: 1 trims
    RX 450h L AWD 2021: 1 trims
    UX 200 2021: 1 trims
    UX 250h 2021: 1 trims
    UX 250h AWD 2021: 1 trims
Lexus 2022: 12 models
    ES 250 AWD 2022: 1 trims
    ES 300h 2022: 1 trims
    ES 350 2022: 1 trims
    ES 350 F Sport 2022: 1 trims
    GX 460 2022: 1 trims
    IS 300 2022: 1 trims
    IS 300 AWD 2022: 1 trims
    IS 350 2022: 1 trims
    IS 350 AWD 2022: 1 trims
    IS 500 2022: 1 trims
    LC 500 2022: 1 trims
    LC 500 Convertible 2022: 1 trims
    LC 500h 2022: 1 trims
    LS 500 2022: 1 trims
    LS 500 AWD 2022: 1 trims
    LS 500h AWD 2022: 1 trims
    LX 600 2022: 1 trims
    NX 250 2022: 1 trims
    NX 250 AWD 2022: 1 trims
    NX 350 AWD 2022: 2 trims
    NX 350h AWD 2022: 1 trims
    NX 450h Plus AWD 2022: 1 trims
    RC 300 2022: 1 trims
    RC 300 AWD 2022: 1 trims
    RC 350 2022: 1 trims
    RC 350 AWD 2022: 1 trims
    RC F 2022: 1 trims
    RX 350 2022: 1 trims
    RX 350 AWD 2022: 1 trims
    RX 350 L 2022: 1 trims
    RX 350 L AWD 2022: 1 trims
    RX 450h AWD 2022: 1 trims
    RX 450h L AWD 2022: 1 trims
    UX 200 2022: 1 trims
    UX 250h 2022: 1 trims
    UX 250h AWD 2022: 1 trims
Lexus 2023: 13 models
    ES 250 AWD 2023: 1 trims
    ES 300h 2023: 1 trims
    ES 350 2023: 1 trims
    ES 350 F Sport 2023: 1 trims
    GX 460 2023: 1 trims
    IS 300 2023: 1 trims
    IS 300 AWD 2023: 1 trims
    IS 350 2023: 1 trims
    IS 350 AWD 2023: 1 trims
    IS 500 2023: 1 trims
    LC 500 2023: 1 trims
    LC 500 Convertible 2023: 1 trims
    LC 500h 2023: 1 trims
    LS 500 2023: 1 trims
    LS 500 AWD 2023: 1 trims
    LS 500h 2023: 1 trims
    LS 500h AWD 2023: 2 trims
    LX 600 2023: 1 trims
    NX 250 2023: 1 trims
    NX 250 AWD 2023: 1 trims
    NX 350 AWD 2023: 2 trims
    NX 350h AWD 2023: 1 trims
    NX 450h Plus AWD 2023: 1 trims
    RC 300 2023: 1 trims
    RC 300 AWD 2023: 1 trims
    RC 350 2023: 1 trims
    RC 350 AWD 2023: 1 trims
    RC F 2023: 1 trims
    RX 350 2023: 1 trims
    RX 350 AWD 2023: 1 trims
    RX 350h AWD 2023: 1 trims
    RX 500h AWD 2023: 1 trims
    RZ 450e AWD (18 inch Wheels) 2023: 1 trims
    RZ 450e AWD (20 inch Wheels) 2023: 1 trims
    UX 250h 2023: 1 trims
    UX 250h AWD 2023: 1 trims
Lexus 2024: 14 models
    ES 250 AWD 2024: 1 trims
    ES 300h 2024: 1 trims
    ES 350 2024: 1 trims
    ES 350 F Sport 2024: 1 trims
    GX 550 2024: 1 trims
    IS 300 2024: 1 trims
    IS 300 AWD 2024: 1 trims
    IS 350 2024: 1 trims
    IS 350 AWD 2024: 1 trims
    IS 500 2024: 1 trims
    LC 500 2024: 1 trims
    LC 500 Convertible 2024: 1 trims
    LC 500h 2024: 1 trims
    LS 500 2024: 1 trims
    LS 500 AWD 2024: 1 trims
    LS 500h AWD 2024: 2 trims
    LX 600 2024: 1 trims
    NX 250 2024: 1 trims
    NX 250 AWD 2024: 1 trims
    NX 350 AWD 2024: 1 trims
    NX 350 AWD F Sport 2024: 1 trims
    NX 350h AWD 2024: 1 trims
    NX 450h Plus AWD 2024: 1 trims
    RC 300 2024: 1 trims
    RC 300 AWD 2024: 1 trims
    RC 350 2024: 1 trims
    RC 350 AWD 2024: 1 trims
    RC F 2024: 1 trims
    RX 350 2024: 1 trims
    RX 350 AWD 2024: 1 trims
    RX 350h AWD 2024: 1 trims
    RX 500h AWD 2024: 1 trims
    RZ 300e (18 inch wheels) 2024: 1 trims
    RZ 300e (20 inch wheels) 2024: 1 trims
    RZ 450e AWD (18 inch wheels) 2024: 1 trims
    RZ 450e AWD (20 inch wheels) 2024: 1 trims
    TX 350 2024: 1 trims
    TX 350 AWD 2024: 1 trims
    TX 500h AWD 2024: 1 trims
    UX 250h 2024: 1 trims
    UX 250h AWD 2024: 1 trims
Lexus 2025: 14 models
    ES 250 AWD 2025: 1 trims
    ES 300h 2025: 1 trims
    ES 350 2025: 1 trims
    ES 350 F Sport 2025: 1 trims
    GX 550 2025: 1 trims
    IS 300 2025: 1 trims
    IS 300 AWD 2025: 1 trims
    IS 350 2025: 1 trims
    IS 350 AWD 2025: 1 trims
    IS 500 2025: 1 trims
    LC 500 2025: 1 trims
    LC 500 Convertible 2025: 1 trims
    LC 500h 2025: 1 trims
    LS 500 2025: 1 trims
    LS 500 AWD 2025: 1 trims
    LS 500h AWD 2025: 2 trims
    LX 600 2025: 1 trims
    LX 700h 2025: 1 trims
    NX 250 2025: 1 trims
    NX 250 AWD 2025: 1 trims
    NX 350 AWD 2025: 1 trims
    NX 350 AWD F Sport 2025: 1 trims
    NX 350h AWD 2025: 1 trims
    NX 450h Plus AWD 2025: 1 trims
    RC 300 2025: 1 trims
    RC 300 AWD 2025: 1 trims
    RC 350 2025: 1 trims
    RC 350 AWD 2025: 1 trims
    RC F 2025: 1 trims
    RX 350 2025: 1 trims
    RX 350 AWD 2025: 1 trims
    RX 350h AWD 2025: 1 trims
    RX 450h Plus AWD 2025: 1 trims
    RX 500h AWD 2025: 1 trims
    RZ 300e (18 inch wheels) 2025: 1 trims
    RZ 300e (20 inch wheels) 2025: 1 trims
    RZ 450e AWD (18 inch wheels) 2025: 1 trims
    RZ 450e AWD (20 inch wheels) 2025: 1 trims
    TX 350 2025: 1 trims
    TX 350 AWD 2025: 1 trims
    TX 500h AWD 2025: 1 trims
    TX 550h Plus AWD 2025: 1 trims
    UX 300h 2025: 2 trims
    UX 300h AWD 2025: 2 trims
Lexus 2026: 14 models
    GX 550 2026: 1 trims
    IS 350 2026: 1 trims
    IS 350 AWD 2026: 1 trims
    LC 500 2026: 1 trims
    LC 500 Convertible 2026: 1 trims
    LS 500 AWD 2026: 1 trims
    LX 600 2026: 1 trims
    LX 700h 2026: 1 trims
    NX 350 AWD 2026: 1 trims
    NX 350 AWD F Sport 2026: 1 trims
    NX 350h 2026: 1 trims
    NX 350h AWD 2026: 1 trims
    RX 350 2026: 1 trims
    RX 350 AWD 2026: 1 trims
    RX 350h AWD 2026: 1 trims
    RX 500h AWD 2026: 1 trims
    RZ 350e FWD (18 inch wheels) 2026: 1 trims
    RZ 350e FWD (20 inch wheels) 2026: 1 trims
    RZ 450e AWD (18 inch wheels) 2026: 1 trims
    RZ 450e AWD (20 inch wheels - 235/50R20) 2026: 1 trims
    RZ 450e AWD (20 inch wheels - 235/50R20,255/45R20) 2026: 1 trims
    RZ 550e AWD 2026: 1 trims
    TX 350 2026: 1 trims
    TX 350 AWD 2026: 1 trims
    TX 500h AWD 2026: 1 trims
    UX 300h 2026: 2 trims
    UX 300h AWD 2026: 2 trims
Acura 2015: 5 models
    ILX 2015: 2 trims
    MDX 2WD 2015: 1 trims
    MDX 4WD 2015: 1 trims
    RDX 2WD 2015: 1 trims
    RDX 4WD 2015: 1 trims
    RLX 2015: 1 trims
    TLX 2015: 2 trims
    TLX AWD 2015: 1 trims
Acura 2016: 6 models
    ILX 2016: 1 trims
    MDX 2WD 2016: 2 trims
    MDX 4WD 2016: 2 trims
    RDX 2WD 2016: 1 trims
    RDX 4WD 2016: 1 trims
    RLX 2016: 1 trims
    RLX Hybrid 2016: 1 trims
    TLX 2WD 2016: 2 trims
    TLX 4WD 2016: 1 trims
Acura 2017: 6 models
    ILX 2017: 1 trims
    MDX AWD 2017: 2 trims
    MDX FWD 2017: 2 trims
    MDX Hybrid AWD 2017: 1 trims
    NSX Hybrid 2017: 1 trims
    RDX AWD 2017: 1 trims
    RDX FWD 2017: 1 trims
    RLX 2017: 1 trims
    RLX Hybrid 2017: 1 trims
    TLX AWD 2017: 1 trims
    TLX FWD 2017: 2 trims
Acura 2018: 6 models
    ILX 2018: 1 trims
    MDX AWD 2018: 2 trims
    MDX FWD 2018: 2 trims
    MDX Hybrid AWD 2018: 1 trims
    NSX Hybrid 2018: 1 trims
    RDX AWD 2018: 1 trims
    RDX FWD 2018: 1 trims
    RLX 2018: 1 trims
    RLX Hybrid 2018: 1 trims
    TLX AWD 2018: 1 trims
    TLX AWD A-SPEC 2018: 1 trims
    TLX FWD 2018: 2 trims
    TLX FWD A-SPEC 2018: 1 trims
Acura 2019: 6 models
    ILX 2019: 1 trims
    MDX AWD 2019: 1 trims
    MDX AWD A-SPEC 2019: 1 trims
    MDX FWD 2019: 1 trims
    MDX Hybrid AWD 2019: 1 trims
    NSX Hybrid 2019: 1 trims
    RDX AWD 2019: 1 trims
    RDX AWD A-SPEC 2019: 1 trims
    RDX FWD 2019: 1 trims
    RDX FWD A-SPEC 2019: 1 trims
    RLX 2019: 1 trims
    RLX Hybrid 2019: 1 trims
    TLX AWD 2019: 1 trims
    TLX AWD A-SPEC 2019: 1 trims
    TLX FWD 2019: 2 trims
    TLX FWD A-SPEC 2019: 2 trims
Acura 2020: 6 models
    ILX 2020: 1 trims
    MDX AWD 2020: 1 trims
    MDX AWD A-SPEC 2020: 1 trims
    MDX FWD 2020: 1 trims
    MDX Hybrid AWD 2020: 1 trims
    NSX Hybrid 2020: 1 trims
    RDX AWD 2020: 1 trims
    RDX AWD A-SPEC 2020: 1 trims
    RDX FWD 2020: 1 trims
    RDX FWD A-SPEC 2020: 1 trims
    RLX 2020: 1 trims
    RLX Hybrid 2020: 1 trims
    TLX AWD 2020: 1 trims
    TLX AWD A-SPEC 2020: 1 trims
    TLX FWD 2020: 2 trims
    TLX FWD A-SPEC 2020: 2 trims
Acura 2021: 6 models
    ILX 2021: 1 trims
    NSX Hybrid 2021: 1 trims
    RDX AWD 2021: 1 trims
    RDX AWD A-SPEC 2021: 1 trims
    RDX FWD 2021: 1 trims
    RDX FWD A-SPEC 2021: 1 trims
    TLX AWD 2021: 1 trims
    TLX AWD A-SPEC 2021: 1 trims
    TLX FWD 2021: 1 trims
    TLX FWD A-SPEC 2021: 1 trims
    TLX Type-S 2021: 1 trims
    TLX Type-S Perf Tire 2021: 1 trims
Acura 2022: 6 models
    ILX 2022: 1 trims
    MDX AWD 2022: 1 trims
    MDX AWD Type-S 2022: 1 trims
    MDX FWD 2022: 1 trims
    NSX Hybrid 2022: 1 trims
    RDX AWD 2022: 1 trims
    RDX AWD A-SPEC 2022: 1 trims
    RDX FWD 2022: 1 trims
    RDX FWD A-SPEC 2022: 1 trims
    TLX AWD 2022: 1 trims
    TLX AWD A-SPEC 2022: 1 trims
    TLX FWD 2022: 1 trims
    TLX FWD A-SPEC 2022: 1 trims
    TLX Type-S 2022: 1 trims
    TLX Type-S Perf Tire 2022: 1 trims
Acura 2023: 6 models
    Integra 2023: 1 trims
    Integra A-Spec 2023: 2 trims
    MDX AWD 2023: 1 trims
    MDX AWD Type-S 2023: 1 trims
    MDX FWD 2023: 1 trims
    RDX AWD 2023: 1 trims
    RDX AWD A-SPEC 2023: 1 trims
    RDX FWD 2023: 1 trims
    RDX FWD A-SPEC 2023: 1 trims
    TLX AWD 2023: 1 trims
    TLX AWD A-SPEC 2023: 1 trims
    TLX FWD 2023: 1 trims
    TLX FWD A-SPEC 2023: 1 trims
    TLX Type-S 2023: 1 trims
    TLX Type-S Perf Tire 2023: 1 trims
Acura 2024: 7 models
    Integra 2024: 2 trims
    Integra A-Spec 2024: 2 trims
    MDX AWD 2024: 1 trims
    MDX AWD Type-S 2024: 1 trims
    MDX FWD 2024: 1 trims
    RDX AWD 2024: 1 trims
    RDX AWD A-SPEC 2024: 1 trims
    TLX AWD A-SPEC 2024: 1 trims
    TLX FWD 2024: 1 trims
    TLX Type-S 2024: 1 trims
    ZDX AWD 2024: 1 trims
    ZDX AWD Type S 2024: 1 trims
    ZDX RWD 2024: 1 trims
Acura 2025: 8 models
    ADX AWD 2025: 1 trims
    ADX FWD 2025: 1 trims
    Integra 2025: 2 trims
    Integra A-Spec 2025: 2 trims
    MDX AWD 2025: 1 trims
    MDX AWD Type-S 2025: 1 trims
    MDX FWD 2025: 1 trims
    RDX AWD 2025: 1 trims
    RDX AWD A-SPEC 2025: 1 trims
    TLX AWD A-SPEC 2025: 1 trims
    TLX FWD 2025: 1 trims
    TLX Type-S 2025: 1 trims
Acura 2026: 8 models
    ADX AWD 2026: 1 trims
    ADX FWD 2026: 1 trims
    Integra 2026: 2 trims
    Integra A-Spec 2026: 2 trims
    MDX AWD 2026: 1 trims
    MDX AWD Type-S 2026: 1 trims
    MDX FWD 2026: 1 trims
    RDX AWD 2026: 1 trims
    RDX AWD A-SPEC 2026: 1 trims
    ZDX AWD 2026: 1 trims
    ZDX AWD Type S 2026: 1 trims
    ZDX RWD 2026: 1 trims
Infiniti 2015: 9 models
    Q40 2015: 1 trims
    Q40 AWD 2015: 1 trims
    Q50 2015: 1 trims
    Q50 AWD 2015: 1 trims
    Q50 Hybrid 2015: 1 trims
    Q50 Hybrid AWD 2015: 1 trims
    Q50a 2015: 1 trims
    Q50a AWD 2015: 1 trims
    Q50S Hybrid 2015: 1 trims
    Q50S Hybrid AWD 2015: 1 trims
    Q60 2015: 2 trims
    Q60 AWD 2015: 1 trims
    Q60 Convertible 2015: 2 trims
    Q70 2015: 2 trims
    Q70 AWD 2015: 2 trims
    Q70 Hybrid 2015: 1 trims
    QX50 2015: 1 trims
    QX50 AWD 2015: 1 trims
    QX60 AWD 2015: 1 trims
    QX60 FWD 2015: 1 trims
    QX60 Hybrid AWD 2015: 1 trims
    QX60 Hybrid FWD 2015: 1 trims
    QX70 AWD 2015: 1 trims
    QX70 RWD 2015: 1 trims
    QX80 2WD 2015: 1 trims
    QX80 4WD 2015: 1 trims
    QX80 4WD (over 6000 lbs curb weight) 2015: 1 trims
Infiniti 2016: 8 models
    Q50 2016: 2 trims
    Q50 AWD 2016: 2 trims
    Q50 Hybrid 2016: 1 trims
    Q50 Hybrid AWD 2016: 1 trims
    Q50S 2016: 1 trims
    Q50S AWD 2016: 1 trims
    Q50S Red Sport 2016: 1 trims
    Q50S Red Sport  AWD 2016: 1 trims
    Q70 2016: 2 trims
    Q70 AWD 2016: 2 trims
    Q70 Hybrid 2016: 1 trims
    QX50 2016: 1 trims
    QX50 AWD 2016: 1 trims
    QX60 AWD 2016: 1 trims
    QX60 FWD 2016: 1 trims
    QX60 Hybrid AWD 2016: 1 trims
    QX60 Hybrid FWD 2016: 1 trims
    QX70 AWD 2016: 1 trims
    QX70 RWD 2016: 1 trims
    QX80 2WD 2016: 1 trims
    QX80 4WD 2016: 1 trims
Infiniti 2017: 9 models
    Q50 2017: 2 trims
    Q50 AWD 2017: 2 trims
    Q50 Hybrid 2017: 1 trims
    Q50 Hybrid AWD 2017: 1 trims
    Q50S Red Sport 2017: 1 trims
    Q50S Red Sport  AWD 2017: 1 trims
    Q60 2017: 2 trims
    Q60 AWD 2017: 2 trims
    Q60S Red Sport 2017: 1 trims
    Q60S Red Sport AWD 2017: 1 trims
    Q70 2017: 2 trims
    Q70 AWD 2017: 2 trims
    Q70 Hybrid 2017: 1 trims
    QX30 2017: 1 trims
    QX30 AWD 2017: 1 trims
    QX50 2017: 1 trims
    QX50 AWD 2017: 1 trims
    QX60 AWD 2017: 1 trims
    QX60 FWD 2017: 1 trims
    QX60 Hybrid AWD 2017: 1 trims
    QX60 Hybrid FWD 2017: 1 trims
    QX70 AWD 2017: 1 trims
    QX70 RWD 2017: 1 trims
    QX80 2WD 2017: 1 trims
    QX80 4WD 2017: 1 trims
Infiniti 2018: 8 models
    Q50 2018: 2 trims
    Q50 AWD 2018: 2 trims
    Q50 Hybrid 2018: 1 trims
    Q50 Hybrid AWD 2018: 1 trims
    Q50 Red Sport 2018: 1 trims
    Q50 Red Sport  AWD 2018: 1 trims
    Q60 2018: 2 trims
    Q60 AWD 2018: 2 trims
    Q60 Red Sport 2018: 1 trims
    Q60 Red Sport AWD 2018: 1 trims
    Q70 2018: 2 trims
    Q70 AWD 2018: 2 trims
    Q70 Hybrid 2018: 1 trims
    QX30 2018: 1 trims
    QX30 AWD 2018: 1 trims
    QX60 AWD 2018: 1 trims
    QX60 FWD 2018: 1 trims
    QX80 2WD 2018: 1 trims
    QX80 4WD 2018: 1 trims
Infiniti 2019: 8 models
    Q50 2019: 2 trims
    Q50 AWD 2019: 2 trims
    Q50 Red Sport 2019: 1 trims
    Q50 Red Sport  AWD 2019: 1 trims
    Q60 2019: 2 trims
    Q60 AWD 2019: 2 trims
    Q60 Red Sport 2019: 1 trims
    Q60 Red Sport AWD 2019: 1 trims
    Q70 2019: 2 trims
    Q70 AWD 2019: 2 trims
    QX30 2019: 1 trims
    QX30 AWD 2019: 1 trims
    QX50 2019: 1 trims
    QX50 AWD 2019: 1 trims
    QX60 AWD 2019: 1 trims
    QX60 FWD 2019: 1 trims
    QX80 2WD 2019: 1 trims
    QX80 4WD 2019: 1 trims
Infiniti 2020: 7 models
    Q50 2020: 1 trims
    Q50 AWD 2020: 1 trims
    Q50 Red Sport 2020: 1 trims
    Q50 Red Sport  AWD 2020: 1 trims
    Q60 2020: 1 trims
    Q60 AWD 2020: 1 trims
    Q60 Red Sport 2020: 1 trims
    Q60 Red Sport AWD 2020: 1 trims
    QX50 2020: 1 trims
    QX50 AWD 2020: 1 trims
    QX60 AWD 2020: 1 trims
    QX60 FWD 2020: 1 trims
    QX80 2WD 2020: 1 trims
    QX80 4WD 2020: 1 trims
Infiniti 2021: 7 models
    Q50 2021: 1 trims
    Q50 AWD 2021: 1 trims
    Q50 Red Sport 2021: 1 trims
    Q50 Red Sport  AWD 2021: 1 trims
    Q60 2021: 1 trims
    Q60 AWD 2021: 1 trims
    Q60 Red Sport 2021: 1 trims
    Q60 Red Sport AWD 2021: 1 trims
    QX50 2021: 1 trims
    QX50 AWD 2021: 1 trims
    QX80 2WD 2021: 1 trims
    QX80 4WD 2021: 2 trims
Infiniti 2022: 8 models
    Q50 2022: 1 trims
    Q50 AWD 2022: 1 trims
    Q50 Red Sport 2022: 1 trims
    Q50 Red Sport  AWD 2022: 1 trims
    Q60 2022: 1 trims
    Q60 AWD 2022: 1 trims
    Q60 Red Sport 2022: 1 trims
    Q60 Red Sport AWD 2022: 1 trims
    QX50 2022: 1 trims
    QX50 AWD 2022: 1 trims
    QX55 AWD 2022: 1 trims
    QX60 AWD 2022: 1 trims
    QX60 FWD 2022: 1 trims
    QX80 2WD 2022: 1 trims
    QX80 4WD 2022: 2 trims
Infiniti 2023: 5 models
    Q50 2023: 1 trims
    Q50 AWD 2023: 1 trims
    Q50 Red Sport 2023: 1 trims
    Q50 Red Sport  AWD 2023: 1 trims
    QX50 2023: 1 trims
    QX50 AWD 2023: 1 trims
    QX55 AWD 2023: 1 trims
    QX60 AWD 2023: 1 trims
    QX60 FWD 2023: 1 trims
    QX80 2WD 2023: 1 trims
    QX80 4WD 2023: 2 trims
Infiniti 2024: 5 models
    Q50 2024: 1 trims
    Q50 AWD 2024: 1 trims
    Q50 Red Sport 2024: 1 trims
    Q50 Red Sport  AWD 2024: 1 trims
    QX50 2024: 1 trims
    QX50 AWD 2024: 1 trims
    QX55 AWD 2024: 1 trims
    QX60 AWD 2024: 1 trims
    QX60 FWD 2024: 1 trims
    QX80 2WD 2024: 1 trims
    QX80 4WD 2024: 1 trims
Infiniti 2025: 5 models
    QX50 2025: 1 trims
    QX50 AWD 2025: 1 trims
    QX55 AWD 2025: 1 trims
    QX60 AWD 2025: 1 trims
    QX60 FWD 2025: 1 trims
    QX80 2WD 2025: 1 trims
    QX80 4WD 2025: 1 trims
Infiniti 2026: 5 models
    QX60 AWD 2026: 1 trims
    QX60 FWD 2026: 1 trims
    QX80 2WD 2026: 1 trims
    QX80 4WD 2026: 1 trims
Volvo 2015: 39 models
    S60 AWD 2015: 2 trims
    S60 FWD 2015: 2 trims
    S60 PoleStar AWD 2015: 1 trims
    S80 AWD 2015: 1 trims
    S80 FWD 2015: 1 trims
    V60 AWD 2015: 2 trims
    V60 CC AWD 2015: 1 trims
    V60 CC FWD 2015: 1 trims
    V60 FWD 2015: 1 trims
    V60 PoleStar AWD 2015: 1 trims
    XC60 AWD 2015: 3 trims
    XC60 FWD 2015: 2 trims
    XC70 AWD 2015: 2 trims
    XC70 FWD 2015: 1 trims
Volvo 2016: 41 models
    S60 AWD 2016: 3 trims
    S60 CC AWD 2016: 1 trims
    S60 FWD 2016: 2 trims
    S60 Inscription AWD 2016: 1 trims
    S60 Inscription FWD 2016: 1 trims
    S60 PoleStar AWD 2016: 1 trims
    S80 FWD 2016: 1 trims
    V60 AWD 2016: 3 trims
    V60 CC AWD 2016: 1 trims
    V60 FWD 2016: 1 trims
    V60 PoleStar AWD 2016: 1 trims
    XC60 AWD 2016: 3 trims
    XC60 FWD 2016: 2 trims
    XC70 AWD 2016: 1 trims
    XC70 FWD 2016: 1 trims
    XC90 AWD 2016: 2 trims
    XC90 AWD PHEV 2016: 1 trims
    XC90 FWD 2016: 1 trims
Volvo 2017: 42 models
    S60 AWD 2017: 2 trims
    S60 CC AWD 2017: 1 trims
    S60 FWD 2017: 1 trims
    S60 Inscription AWD 2017: 1 trims
    S60 Inscription FWD 2017: 1 trims
    S60 Polestar AWD 2017: 1 trims
    S90 AWD 2017: 1 trims
    S90 FWD 2017: 1 trims
    V60 AWD 2017: 2 trims
    V60 CC AWD 2017: 1 trims
    V60 FWD 2017: 1 trims
    V60 Polestar AWD 2017: 1 trims
    V90 CC AWD 2017: 1 trims
    XC60 AWD 2017: 2 trims
    XC60 FWD 2017: 1 trims
    XC90 AWD 2017: 2 trims
    XC90 AWD PHEV 2017: 1 trims
    XC90 FWD 2017: 1 trims
Volvo 2018: 41 models
    S60 AWD 2018: 2 trims
    S60 CC AWD 2018: 1 trims
    S60 FWD 2018: 1 trims
    S60 Inscription AWD 2018: 1 trims
    S60 Inscription FWD 2018: 1 trims
    S60 Polestar AWD 2018: 1 trims
    S90 AWD 2018: 2 trims
    S90 AWD PHEV 2018: 1 trims
    S90 FWD 2018: 1 trims
    V60 AWD 2018: 2 trims
    V60 CC AWD 2018: 1 trims
    V60 FWD 2018: 1 trims
    V60 Polestar AWD 2018: 1 trims
    V90 AWD 2018: 1 trims
    V90 CC AWD 2018: 2 trims
    V90 FWD 2018: 1 trims
    XC60 AWD 2018: 2 trims
    XC60 AWD PHEV 2018: 1 trims
    XC90 AWD 2018: 2 trims
    XC90 AWD PHEV 2018: 1 trims
    XC90 FWD 2018: 1 trims
Volvo 2019: 43 models
    S60 AWD 2019: 1 trims
    S60 AWD PHEV 2019: 1 trims
    S60 FWD 2019: 1 trims
    S90 AWD 2019: 2 trims
    S90 AWD PHEV 2019: 1 trims
    S90 FWD 2019: 1 trims
    V60 AWD 2019: 1 trims
    V60 CC AWD 2019: 1 trims
    V60 FWD 2019: 1 trims
    V90 AWD 2019: 1 trims
    V90 CC AWD 2019: 2 trims
    V90 FWD 2019: 1 trims
    XC40 AWD 2019: 1 trims
    XC40 FWD 2019: 1 trims
    XC60 AWD 2019: 2 trims
    XC60 AWD PHEV 2019: 1 trims
    XC60 FWD 2019: 1 trims
    XC90 AWD 2019: 2 trims
    XC90 AWD PHEV 2019: 1 trims
    XC90 FWD 2019: 1 trims
Volvo 2020: 43 models
    S60 AWD 2020: 1 trims
    S60 AWD PHEV 2020: 1 trims
    S60 FWD 2020: 1 trims
    S90 AWD 2020: 1 trims
    S90 AWD PHEV 2020: 1 trims
    V60 AWD PHEV 2020: 1 trims
    V60 CC AWD 2020: 1 trims
    V60 FWD 2020: 1 trims
    V90 AWD 2020: 1 trims
    V90 CC AWD 2020: 1 trims
    V90 FWD 2020: 1 trims
    XC40 AWD 2020: 1 trims
    XC40 FWD 2020: 1 trims
    XC60 AWD 2020: 2 trims
    XC60 AWD PHEV 2020: 1 trims
    XC60 FWD 2020: 1 trims
    XC90 AWD 2020: 2 trims
    XC90 AWD PHEV 2020: 1 trims
    XC90 FWD 2020: 1 trims
Volvo 2021: 43 models
    S60 AWD 2021: 2 trims
    S60 AWD PHEV 2021: 1 trims
    S60 FWD 2021: 1 trims
    S90 AWD 2021: 1 trims
    S90 AWD PHEV 2021: 1 trims
    V60 AWD PHEV 2021: 1 trims
    V60 CC AWD 2021: 1 trims
    V60 FWD 2021: 1 trims
    V90 AWD 2021: 1 trims
    V90 CC AWD 2021: 1 trims
    V90 FWD 2021: 1 trims
    XC40 AWD 2021: 1 trims
    XC40 AWD BEV 2021: 1 trims
    XC40 FWD 2021: 1 trims
    XC60 AWD 2021: 2 trims
    XC60 AWD PHEV 2021: 1 trims
    XC60 FWD 2021: 1 trims
    XC90 AWD 2021: 2 trims
    XC90 AWD PHEV 2021: 1 trims
    XC90 FWD 2021: 1 trims
Volvo 2022: 43 models
    C40 Recharge twin 2022: 1 trims
    S60 B5 2022: 1 trims
    S60 B5 AWD 2022: 1 trims
    S60 T8 AWD Recharge 2022: 1 trims
    S60 T8 AWD Recharge ext. Range 2022: 1 trims
    S90 B6 AWD 2022: 1 trims
    S90 T8 AWD Recharge 2022: 1 trims
    S90 T8 AWD Recharge ext. Range 2022: 1 trims
    V60 T8 AWD Recharge 2022: 1 trims
    V60 T8 AWD Recharge ext. Range 2022: 1 trims
    V60CC T5 AWD 2022: 1 trims
    V90CC B6 AWD 2022: 1 trims
    XC40 Recharge twin 2022: 1 trims
    XC40 T4 2022: 1 trims
    XC40 T5 AWD 2022: 1 trims
    XC60 B5 2022: 1 trims
    XC60 B5 AWD 2022: 1 trims
    XC60 B6 AWD 2022: 1 trims
    XC60 T8 AWD Recharge 2022: 1 trims
    XC60 T8 AWD Recharge ext. Range 2022: 1 trims
    XC90 T5 2022: 1 trims
    XC90 T5 AWD 2022: 1 trims
    XC90 T6 AWD 2022: 1 trims
    XC90 T8 AWD Recharge 2022: 1 trims
    XC90 T8 AWD Recharge ext. Range 2022: 1 trims
Volvo 2023: 43 models
    C40 Recharge twin 2023: 1 trims
    S60 B5 2023: 1 trims
    S60 B5 AWD 2023: 1 trims
    S60 T8 AWD Recharge 2023: 1 trims
    S90 B6 AWD 2023: 1 trims
    S90 T8 AWD Recharge ext. Range 2023: 1 trims
    V60 T8 AWD Recharge ext. Range 2023: 1 trims
    V60CC B5 AWD 2023: 1 trims
    V90CC B6 AWD 2023: 1 trims
    XC40 B4 2023: 1 trims
    XC40 B5 AWD 2023: 1 trims
    XC40 Recharge twin 2023: 1 trims
    XC60 B5 2023: 1 trims
    XC60 B5 AWD 2023: 1 trims
    XC60 B6 AWD 2023: 1 trims
    XC60 T8 AWD Recharge 2023: 1 trims
    XC90 B5 AWD 2023: 1 trims
    XC90 B6 AWD 2023: 1 trims
    XC90 T8 AWD Recharge 2023: 1 trims
Volvo 2024: 43 models
    C40 Recharge 2024: 1 trims
    C40 Recharge twin 2024: 1 trims
    S60 B5 2024: 1 trims
    S60 B5 AWD 2024: 1 trims
    S60 T8 AWD Recharge 2024: 1 trims
    S90 B6 AWD 2024: 1 trims
    V60CC B5 AWD 2024: 1 trims
    V90CC B6 AWD 2024: 1 trims
    XC40 B5 AWD 2024: 1 trims
    XC40 Recharge 2024: 1 trims
    XC40 Recharge twin 2024: 1 trims
    XC60 B5 AWD 2024: 1 trims
    XC60 T8 AWD Recharge 2024: 1 trims
    XC90 B5 AWD 2024: 1 trims
    XC90 B6 AWD 2024: 1 trims
    XC90 T8 AWD Recharge 2024: 1 trims
Volvo 2025: 47 models
    EC40 2025: 1 trims
    EC40 Twin 2025: 1 trims
    EX30 Single Motor extended range (18 Inch Wheels) 2025: 1 trims
    EX30 Single Motor extended range (19/20 Inch Wheels) 2025: 1 trims
    EX30 Twin Performance (19 Inch Wheels) 2025: 1 trims
    EX30 Twin Performance (20 Inch Wheels) 2025: 1 trims
    EX40 2025: 1 trims
    EX40 Twin 2025: 1 trims
    EX90 Twin Motor (20 and 22 Inch Wheels) 2025: 1 trims
    EX90 Twin Motor (21 Inch Wheels) 2025: 1 trims
    EX90 Twin Motor Performance (20 and 22 Inch Wheels) 2025: 1 trims
    EX90 Twin Motor Performance (21 Inch Wheels) 2025: 1 trims
    S60 B5 2025: 1 trims
    S60 B5 AWD 2025: 1 trims
    S60 T8 AWD 2025: 1 trims
    S90 B6 AWD 2025: 1 trims
    S90 T8 AWD 2025: 1 trims
    V60 T8 AWD 2025: 1 trims
    V60CC B5 AWD 2025: 1 trims
    V90CC B6 AWD 2025: 1 trims
    XC40 B5 AWD 2025: 1 trims
    XC60 B5 AWD 2025: 1 trims
    XC60 T8 AWD 2025: 1 trims
    XC90 B5 AWD 2025: 1 trims
    XC90 B6 AWD 2025: 1 trims
    XC90 T8 AWD 2025: 1 trims
Volvo 2026: 48 models
    EC40 2026: 1 trims
    EC40 Twin 2026: 1 trims
    EX30 Cross Country (18 Inch Wheels) 2026: 1 trims
    EX30 Cross Country (19 Inch Wheels) 2026: 1 trims
    EX30 Single motor extended range 2026: 1 trims
    EX30 Twin Performance 2026: 1 trims
    EX40 2026: 1 trims
    EX40 Twin 2026: 1 trims
    EX90 2026: 1 trims
    EX90 (21 Inch Wheels) 2026: 1 trims
    EX90 Twin Motor 2026: 1 trims
    EX90 Twin Motor (21 Inch Wheels) 2026: 1 trims
    EX90 Twin Motor Performance 2026: 1 trims
    EX90 Twin Motor Performance (21 Inch Wheels) 2026: 1 trims
    S90 B5 2026: 1 trims
    V60CC B5 AWD 2026: 1 trims
    V90CC B6 AWD 2026: 1 trims
    XC40 B4 2026: 1 trims
    XC40 B5 AWD 2026: 1 trims
    XC60 B5 AWD 2026: 1 trims
    XC60 T8 AWD 2026: 1 trims
    XC90 B5 AWD 2026: 1 trims
    XC90 B6 AWD 2026: 1 trims
    XC90 T8 AWD 2026: 1 trims
Bmw 2015: 41 models
    228i 2015: 2 trims
    228i Convertible 2015: 1 trims
    228i xDrive 2015: 1 trims
    228i xDrive Convertible 2015: 1 trims
    320i 2015: 2 trims
    320i xDrive 2015: 1 trims
    328d 2015: 1 trims
    328d xDrive 2015: 1 trims
    328d xDrive Sports Wagon 2015: 1 trims
    328i 2015: 2 trims
    328i xDrive 2015: 1 trims
    328i xDrive Gran Turismo 2015: 1 trims
    328i xDrive Sports Wagon 2015: 1 trims
    335i 2015: 2 trims
    335i xDrive 2015: 2 trims
    335i xDrive Gran Turismo 2015: 1 trims
    428i Convertible 2015: 1 trims
    428i Coupe 2015: 2 trims
    428i Gran Coupe 2015: 1 trims
    428i xDrive Convertible 2015: 1 trims
    428i xDrive Coupe 2015: 1 trims
    428i xDrive Gran Coupe 2015: 1 trims
    435i Convertible 2015: 1 trims
    435i Coupe 2015: 2 trims
    435i Gran Coupe 2015: 1 trims
    435i xDrive Convertible 2015: 1 trims
    435i xDrive Coupe 2015: 2 trims
    435i xDrive Gran Coupe 2015: 1 trims
    528i 2015: 1 trims
    528i xDrive 2015: 1 trims
    535d 2015: 1 trims
    535d xDrive 2015: 1 trims
    535i 2015: 1 trims
    535i Gran Turismo 2015: 1 trims
    535i xDrive 2015: 1 trims
    535i xDrive Gran Turismo 2015: 1 trims
    550i 2015: 1 trims
    550i Gran Turismo 2015: 1 trims
    550i xDrive 2015: 1 trims
    550i xDrive Gran Turismo 2015: 1 trims
    640i Convertible 2015: 1 trims
    640i Coupe 2015: 1 trims
    640i Gran Coupe 2015: 1 trims
    640i xDrive Convertible 2015: 1 trims
    640i xDrive Coupe 2015: 1 trims
    640i xDrive Gran Coupe 2015: 1 trims
    650i Convertible 2015: 1 trims
    650i Coupe 2015: 1 trims
    650i Gran Coupe 2015: 1 trims
    650i xDrive Convertible 2015: 1 trims
    650i xDrive Coupe 2015: 1 trims
    650i xDrive Gran Coupe 2015: 1 trims
    740i 2015: 1 trims
    740Li 2015: 1 trims
    740Li xDrive 2015: 1 trims
    750i 2015: 1 trims
    750i xDrive 2015: 1 trims
    750Li 2015: 1 trims
    750Li xDrive 2015: 1 trims
    760Li 2015: 1 trims
    ActiveHybrid 3 2015: 1 trims
    ActiveHybrid 5 2015: 1 trims
    ActiveHybrid 7L 2015: 1 trims
    i3 BEV 2015: 1 trims
    i3 REX 2015: 1 trims
    i8 2015: 1 trims
    M235i 2015: 2 trims
    M235i Convertible 2015: 2 trims
    M235i xDrive 2015: 1 trims
    M3 2015: 2 trims
    M4 Convertible 2015: 2 trims
    M4 Coupe 2015: 2 trims
    M5 2015: 2 trims
    M6 Convertible 2015: 2 trims
    M6 Coupe 2015: 2 trims
    M6 Gran Coupe 2015: 2 trims
    X1 sDrive28i 2015: 1 trims
    X1 xDrive28i 2015: 1 trims
    X1 xDrive35i 2015: 1 trims
    X3 sDrive28i 2015: 1 trims
    X3 xDrive28d 2015: 1 trims
    X3 xDrive28i 2015: 1 trims
    X3 xDrive35i 2015: 1 trims
    X4 xDrive28i 2015: 1 trims
    X4 xDrive35i 2015: 1 trims
    X5 M 2015: 1 trims
    X5 sDrive35i 2015: 1 trims
    X5 xDrive35d 2015: 1 trims
    X5 xDrive35i 2015: 1 trims
    X5 xDrive50i 2015: 1 trims
    X6 M 2015: 1 trims
    X6 sDrive35i 2015: 1 trims
    X6 xDrive35i 2015: 1 trims
    X6 xDrive50i 2015: 1 trims
    Z4 sDrive28i 2015: 2 trims
    Z4 sDrive35i 2015: 1 trims
    Z4 sDrive35is 2015: 1 trims
Bmw 2016: 33 models
    228i 2016: 2 trims
    228i Convertible 2016: 1 trims
    228i xDrive 2016: 1 trims
    228i xDrive Convertible 2016: 1 trims
    320i 2016: 2 trims
    320i xDrive 2016: 1 trims
    328d 2016: 1 trims
    328d xDrive 2016: 1 trims
    328d xDrive Sports Wagon 2016: 1 trims
    328i 2016: 2 trims
    328i xDrive 2016: 1 trims
    328i xDrive Gran Turismo 2016: 1 trims
    328i xDrive Sports Wagon 2016: 1 trims
    330e 2016: 1 trims
    335i xDrive Gran Turismo 2016: 1 trims
    340i 2016: 2 trims
    340i xDrive 2016: 2 trims
    428i Convertible 2016: 1 trims
    428i Coupe 2016: 2 trims
    428i Gran Coupe 2016: 1 trims
    428i xDrive Convertible 2016: 1 trims
    428i xDrive Coupe 2016: 1 trims
    428i xDrive Gran Coupe 2016: 1 trims
    435i Convertible 2016: 1 trims
    435i Coupe 2016: 2 trims
    435i Gran Coupe 2016: 1 trims
    435i xDrive Convertible 2016: 1 trims
    435i xDrive Coupe 2016: 2 trims
    435i xDrive Gran Coupe 2016: 1 trims
    528i 2016: 1 trims
    528i xDrive 2016: 1 trims
    535d 2016: 1 trims
    535d xDrive 2016: 1 trims
    535i 2016: 1 trims
    535i Gran Turismo 2016: 1 trims
    535i xDrive 2016: 1 trims
    535i xDrive Gran Turismo 2016: 1 trims
    550i 2016: 1 trims
    550i xDrive 2016: 1 trims
    640i Convertible 2016: 1 trims
    640i Coupe 2016: 1 trims
    640i Gran Coupe 2016: 1 trims
    640i xDrive Convertible 2016: 1 trims
    640i xDrive Coupe 2016: 1 trims
    640i xDrive Gran Coupe 2016: 1 trims
    650i Convertible 2016: 1 trims
    650i Coupe 2016: 1 trims
    650i Gran Coupe 2016: 1 trims
    650i xDrive Convertible 2016: 1 trims
    650i xDrive Coupe 2016: 1 trims
    650i xDrive Gran Coupe 2016: 1 trims
    740i 2016: 1 trims
    750i 2016: 1 trims
    750i xDrive 2016: 1 trims
    ActiveHybrid 5 2016: 1 trims
    i3 BEV 2016: 1 trims
    i3 REX 2016: 1 trims
    i8 2016: 1 trims
    M2 2016: 2 trims
    M235i 2016: 2 trims
    M235i Convertible 2016: 2 trims
    M235i xDrive 2016: 1 trims
    M235i xDrive Convertible 2016: 1 trims
    M3 2016: 2 trims
    M4 Convertible 2016: 2 trims
    M4 Coupe 2016: 2 trims
    M4 GTS 2016: 1 trims
    M5 2016: 2 trims
    M6 Convertible 2016: 2 trims
    M6 Coupe 2016: 2 trims
    M6 Gran Coupe 2016: 2 trims
    X1 xDrive28i 2016: 1 trims
    X3 sDrive 28i 2016: 1 trims
    X3 xDrive28d 2016: 1 trims
    X3 xDrive28i 2016: 1 trims
    X3 xDrive35i 2016: 1 trims
    X4 M40i 2016: 1 trims
    X4 xDrive28i 2016: 1 trims
    X4 xDrive35i 2016: 1 trims
    X5 M 2016: 1 trims
    X5 sDrive35i 2016: 1 trims
    X5 xDrive35d 2016: 1 trims
    X5 xDrive35i 2016: 1 trims
    X5 xDrive40e 2016: 1 trims
    X5 xDrive50i 2016: 1 trims
    X6 M 2016: 1 trims
    X6 sDrive35i 2016: 1 trims
    X6 xDrive35i 2016: 1 trims
    X6 xDrive50i 2016: 1 trims
    Z4 sDrive28i 2016: 2 trims
    Z4 sDrive35i 2016: 1 trims
    Z4 sDrive35is 2016: 1 trims
Bmw 2017: 34 models
    230i Convertible 2017: 1 trims
    230i Coupe 2017: 2 trims
    230i xDrive Convertible 2017: 1 trims
    230i xDrive Coupe 2017: 1 trims
    320i 2017: 2 trims
    320i xDrive 2017: 1 trims
    328d 2017: 1 trims
    328d xDrive 2017: 1 trims
    328d xDrive Sports Wagon 2017: 1 trims
    330e 2017: 1 trims
    330i 2017: 2 trims
    330i xDrive 2017: 1 trims
    330i xDrive Gran Turismo 2017: 1 trims
    330i xDrive Sports Wagon 2017: 1 trims
    340i 2017: 2 trims
    340i xDrive 2017: 2 trims
    340i xDrive Gran Turismo 2017: 1 trims
    430i Convertible 2017: 1 trims
    430i Coupe 2017: 2 trims
    430i Gran Coupe 2017: 1 trims
    430i xDrive Convertible 2017: 1 trims
    430i xDrive Coupe 2017: 1 trims
    430i xDrive Gran Coupe 2017: 1 trims
    440i Convertible 2017: 1 trims
    440i Coupe 2017: 2 trims
    440i Gran Coupe 2017: 1 trims
    440i xDrive Convertible 2017: 1 trims
    440i xDrive Coupe 2017: 2 trims
    440i xDrive Gran Coupe 2017: 1 trims
    530i 2017: 1 trims
    530i xDrive 2017: 1 trims
    535i Gran Turismo 2017: 1 trims
    535i xDrive Gran Turismo 2017: 1 trims
    540i 2017: 1 trims
    540i xDrive 2017: 1 trims
    550i xDrive Gran Turismo 2017: 1 trims
    640i Convertible 2017: 1 trims
    640i Coupe 2017: 1 trims
    640i Gran Coupe 2017: 1 trims
    640i xDrive Convertible 2017: 1 trims
    640i xDrive Coupe 2017: 1 trims
    640i xDrive Gran Coupe 2017: 1 trims
    650i Convertible 2017: 1 trims
    650i Coupe 2017: 1 trims
    650i Gran Coupe 2017: 1 trims
    650i xDrive Convertible 2017: 1 trims
    650i xDrive Coupe 2017: 1 trims
    650i xDrive Gran Coupe 2017: 1 trims
    740e xDrive 2017: 1 trims
    740i 2017: 1 trims
    740i xDrive 2017: 1 trims
    i3 BEV (60  Amp-hour battery) 2017: 1 trims
    i3 BEV (94 Amp-hour battery) 2017: 1 trims
    i3 REX  (94 Amp-hour battery) 2017: 1 trims
    i8 2017: 1 trims
    M2 2017: 2 trims
    M240i Convertible 2017: 2 trims
    M240i Coupe 2017: 2 trims
    M240i xDrive Convertible 2017: 1 trims
    M240i xDrive Coupe 2017: 1 trims
    M3 2017: 2 trims
    M4 Convertible 2017: 2 trims
    M4 Coupe 2017: 2 trims
    M6 Convertible 2017: 2 trims
    M6 Coupe 2017: 2 trims
    M6 Gran Coupe 2017: 2 trims
    M760i xDrive 2017: 1 trims
    X1 sDrive28i 2017: 1 trims
    X1 xDrive28i 2017: 1 trims
    X3 sDrive28i 2017: 1 trims
    X3 xDrive28i 2017: 1 trims
    X3 xDrive35i 2017: 1 trims
    X4 M40i 2017: 1 trims
    X4 xDrive28i 2017: 1 trims
    X5 M 2017: 1 trims
    X5 sDrive35i 2017: 1 trims
    X5 xDrive 35d 2017: 1 trims
    X5 xDrive35i 2017: 1 trims
    X5 xDrive40e 2017: 1 trims
    X5 xDrive50i 2017: 1 trims
    X6 M 2017: 1 trims
    X6 sDrive35i 2017: 1 trims
    X6 xDrive35i 2017: 1 trims
    X6 xDrive50i 2017: 1 trims
Bmw 2018: 37 models
    230i Convertible 2018: 1 trims
    230i Coupe 2018: 2 trims
    230i xDrive Convertible 2018: 1 trims
    230i xDrive Coupe 2018: 1 trims
    320i 2018: 2 trims
    320i xDrive 2018: 1 trims
    328d 2018: 1 trims
    328d xDrive 2018: 1 trims
    328d xDrive Sports Wagon 2018: 1 trims
    330e 2018: 1 trims
    330i 2018: 2 trims
    330i xDrive 2018: 1 trims
    330i xDrive Gran Turismo 2018: 1 trims
    330i xDrive Sports Wagon 2018: 1 trims
    340i 2018: 2 trims
    340i xDrive 2018: 2 trims
    340i xDrive Gran Turismo 2018: 1 trims
    430i Convertible 2018: 1 trims
    430i Coupe 2018: 2 trims
    430i Gran Coupe 2018: 1 trims
    430i xDrive Convertible 2018: 1 trims
    430i xDrive Coupe 2018: 1 trims
    430i xDrive Gran Coupe 2018: 1 trims
    440i Convertible 2018: 1 trims
    440i Coupe 2018: 2 trims
    440i Gran Coupe 2018: 1 trims
    440i xDrive Convertible 2018: 1 trims
    440i xDrive Coupe 2018: 2 trims
    440i xDrive Gran Coupe 2018: 1 trims
    530e 2018: 1 trims
    530e xDrive 2018: 1 trims
    530i 2018: 1 trims
    530i xDrive 2018: 1 trims
    540d xDrive 2018: 1 trims
    540i 2018: 1 trims
    540i xDrive 2018: 1 trims
    640i Convertible 2018: 1 trims
    640i Gran Coupe 2018: 1 trims
    640i xDrive Convertible 2018: 1 trims
    640i xDrive Gran Coupe 2018: 1 trims
    640i xDrive Gran Turismo 2018: 1 trims
    650i Convertible 2018: 1 trims
    650i Gran Coupe 2018: 1 trims
    650i xDrive Convertible 2018: 1 trims
    650i xDrive Gran Coupe 2018: 1 trims
    740e xDrive 2018: 1 trims
    740i 2018: 1 trims
    740i xDrive 2018: 1 trims
    750i 2018: 1 trims
    750i xDrive 2018: 1 trims
    i3 (94Ah) 2018: 1 trims
    i3 (94Ah) with Range Extender 2018: 1 trims
    i3s (94Ah) 2018: 1 trims
    i3s (94Ah) with Range Extender 2018: 1 trims
    M2 2018: 2 trims
    M240i Convertible 2018: 2 trims
    M240i Coupe 2018: 2 trims
    M240i xDrive Convertible 2018: 1 trims
    M240i xDrive Coupe 2018: 1 trims
    M3 2018: 2 trims
    M3 CS 2018: 1 trims
    M4 Convertible 2018: 2 trims
    M4 Coupe 2018: 2 trims
    M4 DTM Champions Edition 2018: 1 trims
    M5 2018: 1 trims
    M550i xDrive 2018: 1 trims
    M6 Convertible 2018: 2 trims
    M6 Gran Coupe 2018: 2 trims
    M760i xDrive 2018: 1 trims
    X1 sDrive28i 2018: 1 trims
    X1 xDrive28i 2018: 1 trims
    X2 sDrive28i 2018: 1 trims
    X2 xDrive28i 2018: 1 trims
    X3 M40i 2018: 1 trims
    X3 xDrive30i 2018: 1 trims
    X4 M40i 2018: 1 trims
    X4 xDrive28i 2018: 1 trims
    X5 M 2018: 1 trims
    X5 sDrive35i 2018: 1 trims
    X5 xDrive 35d 2018: 1 trims
    X5 xDrive35i 2018: 1 trims
    X5 xDrive40e 2018: 1 trims
    X5 xDrive50i 2018: 1 trims
    X6 M 2018: 1 trims
    X6 sDrive35i 2018: 1 trims
    X6 xDrive35i 2018: 1 trims
    X6 xDrive50i 2018: 1 trims
Bmw 2019: 36 models
    230i Convertible 2019: 1 trims
    230i Coupe 2019: 2 trims
    230i xDrive Convertible 2019: 1 trims
    230i xDrive Coupe 2019: 1 trims
    330i 2019: 1 trims
    330i xDrive 2019: 1 trims
    330i xDrive Gran Turismo 2019: 1 trims
    330i xDrive Sports Wagon 2019: 1 trims
    340i xDrive Gran Turismo 2019: 1 trims
    430i Convertible 2019: 1 trims
    430i Coupe 2019: 2 trims
    430i Gran Coupe 2019: 1 trims
    430i xDrive Convertible 2019: 1 trims
    430i xDrive Coupe 2019: 1 trims
    430i xDrive Gran Coupe 2019: 1 trims
    440i Convertible 2019: 1 trims
    440i Coupe 2019: 2 trims
    440i Gran Coupe 2019: 1 trims
    440i xDrive Convertible 2019: 1 trims
    440i xDrive Coupe 2019: 2 trims
    440i xDrive Gran Coupe 2019: 1 trims
    530e 2019: 1 trims
    530e xDrive 2019: 1 trims
    530i 2019: 1 trims
    530i xDrive 2019: 1 trims
    540i 2019: 1 trims
    540i xDrive 2019: 1 trims
    640i Gran Coupe 2019: 1 trims
    640i xDrive Gran Coupe 2019: 1 trims
    640i xDrive Gran Turismo 2019: 1 trims
    650i Gran Coupe 2019: 1 trims
    650i xDrive Gran Coupe 2019: 1 trims
    740e xDrive 2019: 1 trims
    740i 2019: 1 trims
    740i xDrive 2019: 1 trims
    750i 2019: 1 trims
    750i xDrive 2019: 1 trims
    i3 2019: 1 trims
    i3 with Range Extender 2019: 1 trims
    i3s 2019: 1 trims
    i3s with Range Extender 2019: 1 trims
    I8 Coupe 2019: 1 trims
    I8 Roadster 2019: 1 trims
    M2 Competition 2019: 2 trims
    M240i Convertible 2019: 2 trims
    M240i Coupe 2019: 2 trims
    M240i Coupe M Performance 2019: 2 trims
    M240i xDrive Convertible 2019: 1 trims
    M240i xDrive Coupe 2019: 1 trims
    M240i xDrive Coupe M Performance 2019: 1 trims
    M4 Convertible 2019: 2 trims
    M4 Convertible Competition 2019: 2 trims
    M4 Coupe 2019: 2 trims
    M4 Coupe Competition 2019: 2 trims
    M4 CS 2019: 1 trims
    M5 2019: 1 trims
    M5 Competition 2019: 1 trims
    M550i xDrive 2019: 1 trims
    M6 Gran Coupe 2019: 2 trims
    M760i xDrive 2019: 1 trims
    X1 sDrive28i 2019: 1 trims
    X1 xDrive28i 2019: 1 trims
    X2 M35i 2019: 1 trims
    X2 sDrive28i 2019: 1 trims
    X2 xDrive28i 2019: 1 trims
    X3 M40i 2019: 1 trims
    X3 sDrive30i 2019: 1 trims
    X3 xDrive30i 2019: 1 trims
    X4 M40i 2019: 1 trims
    X4 xDrive30i 2019: 1 trims
    X5 xDrive40i 2019: 1 trims
    X5 xDrive50i 2019: 1 trims
    X6 M 2019: 1 trims
    X6 sDrive35i 2019: 1 trims
    X6 xDrive35i 2019: 1 trims
    X6 xDrive50i 2019: 1 trims
    X7 xDrive40i 2019: 1 trims
    X7 xDrive50i 2019: 1 trims
    Z4 sDrive30i 2019: 1 trims
Bmw 2020: 33 models
    228i xDrive Gran Coupe 2020: 1 trims
    230i Convertible 2020: 1 trims
    230i Coupe 2020: 2 trims
    230i xDrive Convertible 2020: 1 trims
    230i xDrive Coupe 2020: 1 trims
    330i 2020: 1 trims
    330i xDrive 2020: 1 trims
    430i Convertible 2020: 1 trims
    430i Coupe 2020: 2 trims
    430i Gran Coupe 2020: 1 trims
    430i xDrive Convertible 2020: 1 trims
    430i xDrive Coupe 2020: 1 trims
    430i xDrive Gran Coupe 2020: 1 trims
    440i Convertible 2020: 1 trims
    440i Coupe 2020: 2 trims
    440i Gran Coupe 2020: 1 trims
    440i xDrive Convertible 2020: 1 trims
    440i xDrive Coupe 2020: 2 trims
    440i xDrive Gran Coupe 2020: 1 trims
    530e 2020: 1 trims
    530e xDrive 2020: 1 trims
    530i 2020: 1 trims
    530i xDrive 2020: 1 trims
    540i 2020: 1 trims
    540i xDrive 2020: 1 trims
    740i 2020: 1 trims
    740i xDrive 2020: 1 trims
    745e xDrive 2020: 1 trims
    750i xDrive 2020: 1 trims
    840i Convertible 2020: 1 trims
    840i Coupe 2020: 1 trims
    840i Gran Coupe 2020: 1 trims
    840i xDrive Convertible 2020: 1 trims
    840i xDrive Coupe 2020: 1 trims
    840i xDrive Gran Coupe 2020: 1 trims
    i3 2020: 1 trims
    i3 with Range Extender 2020: 1 trims
    i3s 2020: 1 trims
    i3s with Range Extender 2020: 1 trims
    I8 Coupe 2020: 1 trims
    I8 Roadster 2020: 1 trims
    M2 Competition Coupe 2020: 2 trims
    M2 CS Coupe 2020: 2 trims
    M235i xDrive 2020: 1 trims
    M240i Convertible 2020: 2 trims
    M240i Coupe 2020: 2 trims
    M240i Coupe M Performance 2020: 2 trims
    M240i xDrive Convertible 2020: 1 trims
    M240i xDrive Coupe 2020: 1 trims
    M240i xDrive Coupe M Performance 2020: 1 trims
    M340i 2020: 1 trims
    M340i xDrive 2020: 1 trims
    M4 Convertible 2020: 2 trims
    M4 Convertible Competition 2020: 2 trims
    M4 Coupe 2020: 2 trims
    M4 Coupe Competition 2020: 2 trims
    M4 CS 2020: 1 trims
    M5 2020: 1 trims
    M5 Competition 2020: 1 trims
    M550i xDrive 2020: 1 trims
    M760i xDrive 2020: 1 trims
    M8 Competition Convertible 2020: 1 trims
    M8 Competition Coupe 2020: 1 trims
    M8 Competition Gran Coupe 2020: 1 trims
    M8 Convertible 2020: 1 trims
    M8 Coupe 2020: 1 trims
    M8 Gran Coupe 2020: 1 trims
    M850i xDrive Convertible 2020: 1 trims
    M850i xDrive Coupe 2020: 1 trims
    M850i xDrive Gran Coupe 2020: 1 trims
    X1 sDrive28i 2020: 1 trims
    X1 xDrive28i 2020: 1 trims
    X2 M35i 2020: 1 trims
    X2 sDrive28i 2020: 1 trims
    X2 xDrive28i 2020: 1 trims
    X3 M 2020: 1 trims
    X3 M Competition 2020: 1 trims
    X3 M40i 2020: 1 trims
    X3 sDrive30i 2020: 1 trims
    X3 xDrive30e 2020: 1 trims
    X3 xDrive30i 2020: 1 trims
    X4 M 2020: 1 trims
    X4 M Competition 2020: 1 trims
    X4 M40i 2020: 1 trims
    X4 xDrive30i 2020: 1 trims
    X5 M 2020: 1 trims
    X5 M Competition 2020: 1 trims
    X5 M50i 2020: 1 trims
    X5 sDrive40i 2020: 1 trims
    X5 xDrive40i 2020: 1 trims
    X5 xDrive50i 2020: 1 trims
    X6 M 2020: 1 trims
    X6 M Competition 2020: 1 trims
    X6 M50i 2020: 1 trims
    X6 sDrive40i 2020: 1 trims
    X6 xDrive40i 2020: 1 trims
    X7 M50i 2020: 1 trims
    X7 xDrive40i 2020: 1 trims
    X7 xDrive50i 2020: 1 trims
    Z4 M40i 2020: 1 trims
    Z4 sDrive30i 2020: 1 trims
Bmw 2021: 34 models
    228i Gran Coupe 2021: 1 trims
    228i xDrive Gran Coupe 2021: 1 trims
    230i Convertible 2021: 1 trims
    230i Coupe 2021: 2 trims
    230i xDrive Convertible 2021: 1 trims
    230i xDrive Coupe 2021: 1 trims
    330e 2021: 1 trims
    330e xDrive 2021: 1 trims
    330i 2021: 1 trims
    330i xDrive 2021: 1 trims
    430i Convertible 2021: 1 trims
    430i Coupe 2021: 1 trims
    430i xDrive Coupe 2021: 1 trims
    530e 2021: 1 trims
    530e xDrive 2021: 1 trims
    530i 2021: 1 trims
    530i xDrive 2021: 1 trims
    540i 2021: 1 trims
    540i xDrive 2021: 1 trims
    740i 2021: 1 trims
    740i xDrive 2021: 1 trims
    745e xDrive 2021: 1 trims
    750i xDrive 2021: 1 trims
    840i Convertible 2021: 1 trims
    840i Coupe 2021: 1 trims
    840i Gran Coupe 2021: 1 trims
    840i xDrive Convertible 2021: 1 trims
    840i xDrive Coupe 2021: 1 trims
    840i xDrive Gran Coupe 2021: 1 trims
    i3 2021: 1 trims
    i3 with Range Extender 2021: 1 trims
    i3s 2021: 1 trims
    i3s with Range Extender 2021: 1 trims
    M2 Competition Coupe 2021: 2 trims
    M235i xDrive Gran Coupe 2021: 1 trims
    M240i Convertible 2021: 2 trims
    M240i Coupe 2021: 2 trims
    M240i xDrive Convertible 2021: 1 trims
    M240i xDrive Coupe 2021: 1 trims
    M3 2021: 1 trims
    M3 Competition 2021: 1 trims
    M340i 2021: 1 trims
    M340i xDrive 2021: 1 trims
    M4 Competition Coupe 2021: 1 trims
    M4 Coupe 2021: 1 trims
    M440i Convertible 2021: 1 trims
    M440i xDrive Coupe 2021: 1 trims
    M5 2021: 1 trims
    M5 Competition 2021: 1 trims
    M550i xDrive 2021: 1 trims
    M760i xDrive 2021: 1 trims
    M8 Competition Convertible 2021: 1 trims
    M8 Competition Gran Coupe 2021: 1 trims
    M8 Convertible 2021: 1 trims
    M8 Gran Coupe 2021: 1 trims
    M850i xDrive Convertible 2021: 1 trims
    M850i xDrive Coupe 2021: 1 trims
    M850i xDrive Gran Coupe 2021: 1 trims
    X1 sDrive28i 2021: 1 trims
    X1 xDrive28i 2021: 1 trims
    X2 M35i 2021: 1 trims
    X2 sDrive28i 2021: 1 trims
    X2 xDrive28i 2021: 1 trims
    X3 M 2021: 1 trims
    X3 M Competition 2021: 1 trims
    X3 M40i 2021: 1 trims
    X3 sDrive30i 2021: 1 trims
    X3 xDrive30e 2021: 1 trims
    X3 xDrive30i 2021: 1 trims
    X4 M 2021: 1 trims
    X4 M Competition 2021: 1 trims
    X4 M40i 2021: 1 trims
    X4 xDrive30i 2021: 1 trims
    X5 M 2021: 1 trims
    X5 M Competition 2021: 1 trims
    X5 M50i 2021: 1 trims
    X5 sDrive40i 2021: 1 trims
    X5 xDrive40i 2021: 1 trims
    X5 xDrive45e 2021: 1 trims
    X6 M 2021: 1 trims
    X6 M Competition 2021: 1 trims
    X6 M50i 2021: 1 trims
    X6 sDrive40i 2021: 1 trims
    X6 xDrive40i 2021: 1 trims
    X7 M50i 2021: 1 trims
    X7 xDrive40i 2021: 1 trims
    Z4 M40i 2021: 1 trims
    Z4 sDrive30i 2021: 1 trims
Bmw 2022: 37 models
    228i Gran Coupe 2022: 1 trims
    228i xDrive Gran Coupe 2022: 1 trims
    230i Coupe 2022: 1 trims
    330e Sedan 2022: 1 trims
    330e xDrive Sedan 2022: 1 trims
    330i Sedan 2022: 1 trims
    330i xDrive Sedan 2022: 1 trims
    430i Convertible 2022: 1 trims
    430i Coupe 2022: 1 trims
    430i Gran Coupe 2022: 1 trims
    430i xDrive Convertible 2022: 1 trims
    430i xDrive Coupe 2022: 1 trims
    530e Sedan 2022: 1 trims
    530e xDrive Sedan 2022: 1 trims
    530i Sedan 2022: 1 trims
    530i xDrive Sedan 2022: 1 trims
    540i Sedan 2022: 1 trims
    540i xDrive Sedan 2022: 1 trims
    750i xDrive Sedan 2022: 1 trims
    840i Convertible 2022: 1 trims
    840i Coupe 2022: 1 trims
    840i Gran Coupe 2022: 1 trims
    840i xDrive Convertible 2022: 1 trims
    840i xDrive Coupe 2022: 1 trims
    840i xDrive Gran Coupe 2022: 1 trims
    Alpina B8 Gran Coupe 2022: 1 trims
    i4 eDrive40 Gran Coupe (18 inch wheels) 2022: 1 trims
    i4 eDrive40 Gran Coupe (19 inch wheels) 2022: 1 trims
    i4 M50 Gran Coupe (19 inch wheels) 2022: 1 trims
    i4 M50 Gran Coupe (20 inch wheels) 2022: 1 trims
    iX xDrive50 (20 inch wheels) 2022: 1 trims
    iX xDrive50 (21 inch wheels) 2022: 1 trims
    iX xDrive50 (22 inch wheels) 2022: 1 trims
    M235i xDrive Gran Coupe 2022: 1 trims
    M240i xDrive Coupe 2022: 1 trims
    M3 Competition M xDrive Sedan 2022: 1 trims
    M3 Competition Sedan 2022: 1 trims
    M3 Sedan 2022: 1 trims
    M340i Sedan 2022: 1 trims
    M340i xDrive Sedan 2022: 1 trims
    M4 Competition Coupe 2022: 1 trims
    M4 Competition M xDrive Convertible 2022: 1 trims
    M4 Competition M xDrive Coupe 2022: 1 trims
    M4 Coupe 2022: 1 trims
    M440i Convertible 2022: 1 trims
    M440i Coupe 2022: 1 trims
    M440i xDrive Convertible 2022: 1 trims
    M440i xDrive Coupe 2022: 1 trims
    M440i xDrive Gran Coupe 2022: 1 trims
    M5 Competition Sedan 2022: 1 trims
    M5 CS Sedan 2022: 1 trims
    M5 Sedan 2022: 1 trims
    M550i xDrive Sedan 2022: 1 trims
    M8 Competition Convertible 2022: 1 trims
    M8 Competition Coupe 2022: 1 trims
    M8 Competition Gran Coupe 2022: 1 trims
    M850i xDrive Convertible 2022: 1 trims
    M850i xDrive Coupe 2022: 1 trims
    M850i xDrive Gran Coupe 2022: 1 trims
    X1 sDrive28i 2022: 1 trims
    X1 xDrive28i 2022: 1 trims
    X2 M35i 2022: 1 trims
    X2 sDrive28i 2022: 1 trims
    X2 xDrive28i 2022: 1 trims
    X3 M 2022: 1 trims
    X3 M Competition 2022: 1 trims
    X3 M40i 2022: 1 trims
    X3 sDrive30i 2022: 1 trims
    X3 xDrive30i 2022: 1 trims
    X4 M 2022: 1 trims
    X4 M Competition 2022: 1 trims
    X4 M40i 2022: 1 trims
    X4 xDrive30i 2022: 1 trims
    X5 M 2022: 1 trims
    X5 M Competition 2022: 1 trims
    X5 M50i 2022: 1 trims
    X5 sDrive40i 2022: 1 trims
    X5 xDrive40i 2022: 1 trims
    X5 xDrive45e 2022: 1 trims
    X6 M 2022: 1 trims
    X6 M Competition 2022: 1 trims
    X6 M50i 2022: 1 trims
    X6 xDrive40i 2022: 1 trims
    X7 M50i 2022: 1 trims
    X7 xDrive40i 2022: 1 trims
    Z4 M40i 2022: 1 trims
    Z4 sDrive30i 2022: 1 trims
Bmw 2023: 36 models
    228i Gran Coupe 2023: 1 trims
    228i xDrive Gran Coupe 2023: 1 trims
    230i Coupe 2023: 1 trims
    230i xDrive Coupe 2023: 1 trims
    330e Sedan 2023: 1 trims
    330e xDrive Sedan 2023: 1 trims
    330i Sedan 2023: 1 trims
    330i xDrive Sedan 2023: 1 trims
    430i Convertible 2023: 1 trims
    430i Coupe 2023: 1 trims
    430i Gran Coupe 2023: 1 trims
    430i xDrive Convertible 2023: 1 trims
    430i xDrive Coupe 2023: 1 trims
    430i xDrive Gran Coupe 2023: 1 trims
    530e Sedan 2023: 1 trims
    530e xDrive Sedan 2023: 1 trims
    530i Sedan 2023: 1 trims
    530i xDrive Sedan 2023: 1 trims
    540i Sedan 2023: 1 trims
    540i xDrive Sedan 2023: 1 trims
    740i Sedan 2023: 1 trims
    760i xDrive Sedan 2023: 1 trims
    840i Convertible 2023: 1 trims
    840i Coupe 2023: 1 trims
    840i Gran Coupe 2023: 1 trims
    840i xDrive Convertible 2023: 1 trims
    840i xDrive Coupe 2023: 1 trims
    840i xDrive Gran Coupe 2023: 1 trims
    Alpina B8 Gran Coupe 2023: 1 trims
    i4 eDrive35 Gran Coupe (18 inch Wheels) 2023: 1 trims
    i4 eDrive35 Gran Coupe (19 inch Wheels) 2023: 1 trims
    i4 eDrive40 Gran Coupe (18 inch wheels) 2023: 1 trims
    i4 eDrive40 Gran Coupe (19 inch Wheels) 2023: 1 trims
    i4 M50 Gran Coupe (19 inch wheels) 2023: 1 trims
    i4 M50 Gran Coupe (20 inch wheels) 2023: 1 trims
    i7 xDrive60 Sedan (19 inch wheels) 2023: 1 trims
    i7 xDrive60 Sedan (20 inch wheels) 2023: 1 trims
    i7 xDrive60 Sedan (21 inch wheels) 2023: 1 trims
    iX M60 (21 inch wheels) 2023: 1 trims
    iX M60 (22 inch wheels) 2023: 1 trims
    iX xDrive50 (20 inch wheels) 2023: 1 trims
    iX xDrive50 (21 inch wheels) 2023: 1 trims
    iX xDrive50 (22 inch wheels) 2023: 1 trims
    M2 Coupe 2023: 2 trims
    M235i xDrive Gran Coupe 2023: 1 trims
    M240i Coupe 2023: 1 trims
    M240i xDrive Coupe 2023: 1 trims
    M3 Competition M xDrive Sedan 2023: 1 trims
    M3 Competition Sedan 2023: 1 trims
    M3 Sedan 2023: 1 trims
    M340i Sedan 2023: 1 trims
    M340i xDrive Sedan 2023: 1 trims
    M4 Competition Coupe 2023: 1 trims
    M4 Competition M xDrive Convertible 2023: 1 trims
    M4 Competition M xDrive Coupe 2023: 1 trims
    M4 Coupe 2023: 1 trims
    M4 CSL Coupe 2023: 1 trims
    M440i Convertible 2023: 1 trims
    M440i Coupe 2023: 1 trims
    M440i Gran Coupe 2023: 1 trims
    M440i xDrive Convertible 2023: 1 trims
    M440i xDrive Coupe 2023: 1 trims
    M440i xDrive Gran Coupe 2023: 1 trims
    M5 Competition Sedan 2023: 1 trims
    M5 Sedan 2023: 1 trims
    M550i xDrive Sedan 2023: 1 trims
    M8 Competition Convertible 2023: 1 trims
    M8 Competition Coupe 2023: 1 trims
    M8 Competition Gran Coupe 2023: 1 trims
    M850i xDrive Convertible 2023: 1 trims
    M850i xDrive Coupe 2023: 1 trims
    M850i xDrive Gran Coupe 2023: 1 trims
    X1 xDrive28i 2023: 1 trims
    X2 M35i 2023: 1 trims
    X2 sDrive28i 2023: 1 trims
    X2 xDrive28i 2023: 1 trims
    X3 M 2023: 1 trims
    X3 M Competition 2023: 1 trims
    X3 M40i 2023: 1 trims
    X3 sDrive30i 2023: 1 trims
    X3 xDrive30i 2023: 1 trims
    X4 M 2023: 1 trims
    X4 M Competition 2023: 1 trims
    X4 M40i 2023: 1 trims
    X4 xDrive30i 2023: 1 trims
    X5 M 2023: 1 trims
    X5 M Competition 2023: 1 trims
    X5 M50i 2023: 1 trims
    X5 sDrive40i 2023: 1 trims
    X5 xDrive40i 2023: 1 trims
    X5 xDrive45e 2023: 1 trims
    X6 M 2023: 1 trims
    X6 M Competition 2023: 1 trims
    X6 M50i 2023: 1 trims
    X6 xDrive40i 2023: 1 trims
    X7 M60i xDrive 2023: 1 trims
    X7 xDrive40i 2023: 1 trims
    XM 2023: 1 trims
    Z4 M40i 2023: 1 trims
    Z4 sDrive30i 2023: 1 trims
Bmw 2024: 35 models
    228i Gran Coupe 2024: 1 trims
    228i xDrive Gran Coupe 2024: 1 trims
    230i Coupe 2024: 1 trims
    230i xDrive Coupe 2024: 1 trims
    330e Sedan 2024: 1 trims
    330e xDrive Sedan 2024: 1 trims
    330i Sedan 2024: 1 trims
    330i xDrive Sedan 2024: 1 trims
    430i Convertible 2024: 1 trims
    430i Coupe 2024: 1 trims
    430i Gran Coupe 2024: 1 trims
    430i xDrive Convertible 2024: 1 trims
    430i xDrive Coupe 2024: 1 trims
    430i xDrive Gran Coupe 2024: 1 trims
    530i Sedan 2024: 1 trims
    530i xDrive Sedan 2024: 1 trims
    540i xDrive Sedan 2024: 1 trims
    740i Sedan 2024: 1 trims
    740i xDrive Sedan 2024: 1 trims
    760i xDrive Sedan 2024: 1 trims
    840i Convertible 2024: 1 trims
    840i Coupe 2024: 1 trims
    840i Gran Coupe 2024: 1 trims
    840i xDrive Convertible 2024: 1 trims
    840i xDrive Coupe 2024: 1 trims
    840i xDrive Gran Coupe 2024: 1 trims
    Alpina B8 Gran Coupe 2024: 1 trims
    i4 eDrive35 Gran Coupe (18 inch Wheels) 2024: 1 trims
    i4 eDrive35 Gran Coupe (19 inch Wheels) 2024: 1 trims
    i4 eDrive40 Gran Coupe (18 inch Wheels) 2024: 1 trims
    i4 eDrive40 Gran Coupe (19 inch Wheels) 2024: 1 trims
    i4 M50 Gran Coupe (19 inch wheels) 2024: 1 trims
    i4 M50 Gran Coupe (20 inch wheels) 2024: 1 trims
    i4 xDrive40 Gran Coupe (18 inch Wheels) 2024: 1 trims
    i4 xDrive40 Gran Coupe (19 inch Wheels) 2024: 1 trims
    i5 eDrive40 Sedan (19 inch Wheels) 2024: 1 trims
    i5 eDrive40 Sedan (20 inch Wheels) 2024: 1 trims
    i5 eDrive40 Sedan (21 inch Wheels) 2024: 1 trims
    i5 M60 xDrive Sedan (19 inch Wheels) 2024: 1 trims
    i5 M60 xDrive Sedan (20 inch Wheels) 2024: 1 trims
    i5 M60 xDrive Sedan (21 inch Wheels) 2024: 1 trims
    i7 eDrive50 Sedan (19 inch Wheels) 2024: 1 trims
    i7 eDrive50 Sedan (20 inch Wheels) 2024: 1 trims
    i7 eDrive50 Sedan (21 inch Wheels) 2024: 1 trims
    i7 M70 xDrive Sedan (20 inch Wheels) 2024: 1 trims
    i7 M70 xDrive Sedan (21 inch Wheels) 2024: 1 trims
    i7 xDrive60 Sedan (19 inch wheels) 2024: 1 trims
    i7 xDrive60 Sedan (20 inch wheels) 2024: 1 trims
    i7 xDrive60 Sedan (21 inch wheels) 2024: 1 trims
    iX M60 (21 inch Wheels) 2024: 1 trims
    iX M60 (22 inch Wheels) 2024: 1 trims
    iX xDrive40 (20 inch Wheels) 2024: 1 trims
    iX xDrive40 (21 inch Wheels) 2024: 1 trims
    iX xDrive40 (22 inch Wheels) 2024: 1 trims
    iX xDrive50 (20 inch wheels) 2024: 1 trims
    iX xDrive50 (21 inch wheels) 2024: 1 trims
    iX xDrive50 (22 inch wheels) 2024: 1 trims
    M2 Coupe 2024: 2 trims
    M235i xDrive Gran Coupe 2024: 1 trims
    M240i Coupe 2024: 1 trims
    M240i xDrive Coupe 2024: 1 trims
    M3 Competition M xDrive Sedan 2024: 1 trims
    M3 Competition Sedan 2024: 1 trims
    M3 CS Sedan 2024: 1 trims
    M3 Sedan 2024: 1 trims
    M340i Sedan 2024: 1 trims
    M340i xDrive Sedan 2024: 1 trims
    M4 Competition Coupe 2024: 1 trims
    M4 Competition M xDrive Convertible 2024: 1 trims
    M4 Competition M xDrive Coupe 2024: 1 trims
    M4 Coupe 2024: 1 trims
    M440i Convertible 2024: 1 trims
    M440i Coupe 2024: 1 trims
    M440i Gran Coupe 2024: 1 trims
    M440i xDrive Convertible 2024: 1 trims
    M440i xDrive Coupe 2024: 1 trims
    M440i xDrive Gran Coupe 2024: 1 trims
    M8 Competition Convertible 2024: 1 trims
    M8 Competition Coupe 2024: 1 trims
    M8 Competition Gran Coupe 2024: 1 trims
    M850i xDrive Convertible 2024: 1 trims
    M850i xDrive Coupe 2024: 1 trims
    M850i xDrive Gran Coupe 2024: 1 trims
    X1 M35i 2024: 1 trims
    X1 xDrive28i 2024: 1 trims
    X2 M35i 2024: 1 trims
    X2 xDrive28i 2024: 1 trims
    X3 M 2024: 1 trims
    X3 M Competition 2024: 1 trims
    X3 M40i 2024: 1 trims
    X3 sDrive30i 2024: 1 trims
    X3 xDrive30i 2024: 1 trims
    X4 M 2024: 1 trims
    X4 M Competition 2024: 1 trims
    X4 M40i 2024: 1 trims
    X4 xDrive30i 2024: 1 trims
    X5 M Competition 2024: 1 trims
    X5 M60i xDrive 2024: 1 trims
    X5 sDrive40i 2024: 1 trims
    X5 xDrive40i 2024: 1 trims
    X6 M Competition 2024: 1 trims
    X6 M60i xDrive 2024: 1 trims
    X6 xDrive40i 2024: 1 trims
    X7 M60i xDrive 2024: 1 trims
    X7 xDrive40i 2024: 1 trims
    XM 2024: 1 trims
    Z4 M40i 2024: 1 trims
    Z4 sDrive30i 2024: 1 trims
Bmw 2025: 36 models
    230i Coupe 2025: 1 trims
    230i xDrive Coupe 2025: 1 trims
    330i Sedan 2025: 1 trims
    330i xDrive Sedan 2025: 1 trims
    430i Convertible 2025: 1 trims
    430i Coupe 2025: 1 trims
    430i Gran Coupe 2025: 1 trims
    430i xDrive Convertible 2025: 1 trims
    430i xDrive Coupe 2025: 1 trims
    430i xDrive Gran Coupe 2025: 1 trims
    530i Sedan 2025: 1 trims
    530i xDrive Sedan 2025: 1 trims
    540i xDrive Sedan 2025: 1 trims
    550e xDrive Sedan 2025: 1 trims
    740i Sedan 2025: 1 trims
    740i xDrive Sedan 2025: 1 trims
    750e xDrive Sedan 2025: 1 trims
    760i xDrive Sedan 2025: 1 trims
    840i Convertible 2025: 1 trims
    840i Coupe 2025: 1 trims
    840i Gran Coupe 2025: 1 trims
    840i xDrive Convertible 2025: 1 trims
    840i xDrive Coupe 2025: 1 trims
    840i xDrive Gran Coupe 2025: 1 trims
    Alpina B8 Gran Coupe 2025: 1 trims
    i4 eDrive35 Gran Coupe (18 inch Wheels) 2025: 1 trims
    i4 eDrive35 Gran Coupe (19 inch Wheels) 2025: 1 trims
    i4 eDrive40 Gran Coupe (18 inch wheels) 2025: 1 trims
    i4 eDrive40 Gran Coupe (19 inch Wheels) 2025: 1 trims
    i4 M50 Gran Coupe (19 inch wheels) 2025: 1 trims
    i4 M50 Gran Coupe (20 inch wheels) 2025: 1 trims
    i4 xDrive40 Gran Coupe (18 inch Wheels) 2025: 1 trims
    i4 xDrive40 Gran Coupe (19 inch Wheels) 2025: 1 trims
    i5 eDrive40 Sedan (19 inch Wheels) 2025: 1 trims
    i5 eDrive40 Sedan (20 inch Wheels) 2025: 1 trims
    i5 eDrive40 Sedan (21 inch Wheels) 2025: 1 trims
    i5 M60 xDrive Sedan (19 inch Wheels) 2025: 1 trims
    i5 M60 xDrive Sedan (20 inch Wheels) 2025: 1 trims
    i5 M60 xDrive Sedan (21 inch Wheels) 2025: 1 trims
    i5 xDrive40 Sedan (19 inch Wheels) 2025: 1 trims
    i5 xDrive40 Sedan (20 inch Wheels) 2025: 1 trims
    i5 xDrive40 Sedan (21 inch Wheels) 2025: 1 trims
    i7 eDrive50 Sedan (19 inch Wheels) 2025: 1 trims
    i7 eDrive50 Sedan (20 inch Wheels) 2025: 1 trims
    i7 eDrive50 Sedan (21 inch Wheels) 2025: 1 trims
    i7 M70 xDrive Sedan (20 inch Wheels) 2025: 1 trims
    i7 M70 xDrive Sedan (21 inch Wheels) 2025: 1 trims
    i7 xDrive60 Sedan (19 inch wheels) 2025: 1 trims
    i7 xDrive60 Sedan (20 inch wheels) 2025: 1 trims
    i7 xDrive60 Sedan (21inch wheels) 2025: 1 trims
    iX M60 (21 inch Wheels) 2025: 1 trims
    iX M60 (22 inch Wheels) 2025: 1 trims
    iX xDrive40 (20 inch Wheels) 2025: 1 trims
    iX xDrive40 (21 inch Wheels) 2025: 1 trims
    iX xDrive40 (22 inch Wheels) 2025: 1 trims
    iX xDrive50 (20 inch wheels) 2025: 1 trims
    iX xDrive50 (21 inch wheels) 2025: 1 trims
    iX xDrive50 (22 inch wheels) 2025: 1 trims
    M2 Coupe 2025: 2 trims
    M235 xDrive Gran Coupe 2025: 1 trims
    M240i Coupe 2025: 1 trims
    M240i xDrive Coupe 2025: 1 trims
    M3 Competition M xDrive Sedan 2025: 1 trims
    M3 Competition Sedan 2025: 1 trims
    M3 Sedan 2025: 1 trims
    M340i Sedan 2025: 1 trims
    M340i xDrive Sedan 2025: 1 trims
    M4 Competition Coupe 2025: 1 trims
    M4 Competition M xDrive Convertible 2025: 1 trims
    M4 Competition M xDrive Coupe 2025: 1 trims
    M4 Coupe 2025: 1 trims
    M4 CS Coupe 2025: 1 trims
    M440i Convertible 2025: 1 trims
    M440i Coupe 2025: 1 trims
    M440i Gran Coupe 2025: 1 trims
    M440i xDrive Convertible 2025: 1 trims
    M440i xDrive Coupe 2025: 1 trims
    M440i xDrive Gran Coupe 2025: 1 trims
    M5 Sedan 2025: 1 trims
    M5 Touring 2025: 1 trims
    M8 Competition Convertible 2025: 1 trims
    M8 Competition Coupe 2025: 1 trims
    M8 Competition Gran Coupe 2025: 1 trims
    M850i xDrive Convertible 2025: 1 trims
    M850i xDrive Coupe 2025: 1 trims
    M850i xDrive Gran Coupe 2025: 1 trims
    X1 M35i 2025: 1 trims
    X1 xDrive28i 2025: 1 trims
    X2 M35i 2025: 1 trims
    X2 xDrive28i 2025: 1 trims
    X3 M50i xDrive 2025: 1 trims
    X3 xDrive30i 2025: 1 trims
    X4 M 2025: 1 trims
    X4 M Competition 2025: 1 trims
    X4 M40i 2025: 1 trims
    X4 xDrive30i 2025: 1 trims
    X5 M Competition 2025: 1 trims
    X5 M60i xDrive 2025: 1 trims
    X5 sDrive40i 2025: 1 trims
    X5 xDrive40i 2025: 1 trims
    X5 xDrive50e 2025: 1 trims
    X6 M Competition 2025: 1 trims
    X6 M60i xDrive 2025: 1 trims
    X6 xDrive40i 2025: 1 trims
    X7 M60i xDrive 2025: 1 trims
    X7 xDrive40i 2025: 1 trims
    XM 2025: 1 trims
    XM Label 2025: 1 trims
    Z4 M40i 2025: 2 trims
    Z4 sDrive30i 2025: 1 trims
Bmw 2026: 33 models
    228 Gran Coupe 2026: 1 trims
    228 xDrive Gran Coupe 2026: 1 trims
    230i Coupe 2026: 1 trims
    230i xDrive Coupe 2026: 1 trims
    330i Sedan 2026: 1 trims
    330i xDrive Sedan 2026: 1 trims
    430i Convertible 2026: 1 trims
    430i Coupe 2026: 1 trims
    430i Gran Coupe 2026: 1 trims
    430i xDrive Convertible 2026: 1 trims
    430i xDrive Coupe 2026: 1 trims
    430i xDrive Gran Coupe 2026: 1 trims
    530i Sedan 2026: 1 trims
    530i xDrive Sedan 2026: 1 trims
    540i xDrive Sedan 2026: 1 trims
    550e xDrive Sedan 2026: 1 trims
    740i Sedan 2026: 1 trims
    740i xDrive Sedan 2026: 1 trims
    750e xDrive Sedan 2026: 1 trims
    760i xDrive Sedan 2026: 1 trims
    840i Convertible 2026: 1 trims
    840i Coupe 2026: 1 trims
    840i Gran Coupe 2026: 1 trims
    840i xDrive Convertible 2026: 1 trims
    840i xDrive Coupe 2026: 1 trims
    840i xDrive Gran Coupe 2026: 1 trims
    i4 eDrive35 Gran Coupe (19 inch Wheels) 2026: 1 trims
    i4 eDrive40 Gran Coupe (18 inch wheels) 2026: 1 trims
    i4 eDrive40 Gran Coupe (19 inch Wheels) 2026: 1 trims
    i4 M60 xDrive Gran Coupe (19 inch Wheels) 2026: 1 trims
    i4 M60 xDrive Gran Coupe (20 inch Wheels) 2026: 1 trims
    i4 xDrive40 Gran Coupe (18 inch Wheels) 2026: 1 trims
    i4 xDrive40 Gran Coupe (19 inch Wheels) 2026: 1 trims
    i5 eDrive40 Sedan (19 inch Wheels) 2026: 1 trims
    i5 eDrive40 Sedan (20 inch Wheels) 2026: 1 trims
    i5 eDrive40 Sedan (21 inch Wheels) 2026: 1 trims
    i5 M60 xDrive Sedan (19 inch Wheels) 2026: 1 trims
    i5 M60 xDrive Sedan (20 inch Wheels) 2026: 1 trims
    i5 M60 xDrive Sedan (21 inch Wheels) 2026: 1 trims
    i5 xDrive40 Sedan (19 inch Wheels) 2026: 1 trims
    i5 xDrive40 Sedan (20 inch Wheels) 2026: 1 trims
    i5 xDrive40 Sedan (21 inch Wheels) 2026: 1 trims
    i7 eDrive50 Sedan (19 inch Wheels) 2026: 1 trims
    i7 eDrive50 Sedan (20 inch Wheels) 2026: 1 trims
    i7 eDrive50 Sedan (21 inch Wheels) 2026: 1 trims
    i7 M70 xDrive Sedan (20 inch Wheels) 2026: 1 trims
    i7 M70 xDrive Sedan (21 inch Wheels) 2026: 1 trims
    i7 xDrive60 Sedan (19 inch Wheels) 2026: 1 trims
    i7 xDrive60 Sedan (20 inch Wheels) 2026: 1 trims
    i7 xDrive60 Sedan (21 inch Wheels) 2026: 1 trims
    iX M70 (21 inch Wheels) 2026: 1 trims
    iX M70 (22 inch Wheels) 2026: 1 trims
    iX M70 (23 inch Wheels) 2026: 1 trims
    iX xDrive45 (20 inch Wheels) 2026: 1 trims
    iX xDrive45 (21 inch Wheels) 2026: 1 trims
    iX xDrive45 (22 inch Wheels) 2026: 1 trims
    iX xDrive45 (23 inch Wheels) 2026: 1 trims
    iX xDrive60 (20 inch Wheels) 2026: 1 trims
    iX xDrive60 (21 inch Wheels) 2026: 1 trims
    iX xDrive60 (22 inch Wheels) 2026: 1 trims
    iX xDrive60 (23 inch Wheels) 2026: 1 trims
    M2 Coupe 2026: 2 trims
    M2 Coupe CS 2026: 1 trims
    M235 xDrive Gran Coupe 2026: 1 trims
    M240i Coupe 2026: 1 trims
    M240i xDrive Coupe 2026: 1 trims
    M3 Competition M xDrive Sedan 2026: 1 trims
    M3 Competition Sedan 2026: 1 trims
    M3 Sedan 2026: 1 trims
    M340i Sedan 2026: 1 trims
    M340i xDrive Sedan 2026: 1 trims
    M4 Competition Coupe 2026: 1 trims
    M4 Competition M xDrive Convertible 2026: 1 trims
    M4 Competition M xDrive Coupe 2026: 1 trims
    M4 Coupe 2026: 1 trims
    M440i Convertible 2026: 1 trims
    M440i Coupe 2026: 1 trims
    M440i Gran Coupe 2026: 1 trims
    M440i xDrive Convertible 2026: 1 trims
    M440i xDrive Coupe 2026: 1 trims
    M440i xDrive Gran Coupe 2026: 1 trims
    M5 Sedan 2026: 1 trims
    M5 Touring 2026: 1 trims
    M850i xDrive Convertible 2026: 1 trims
    M850i xDrive Coupe 2026: 1 trims
    M850i xDrive Gran Coupe 2026: 1 trims
    X1 M35i 2026: 1 trims
    X1 xDrive28i 2026: 1 trims
    X2 M35i 2026: 1 trims
    X2 xDrive28i 2026: 1 trims
    X3 M50 2026: 1 trims
    X3 xDrive30 2026: 1 trims
    X5 M Competition 2026: 1 trims
    X5 M60i xDrive 2026: 1 trims
    X5 sDrive40i 2026: 1 trims
    X5 xDrive40i 2026: 1 trims
    X5 xDrive50e 2026: 1 trims
    X6 M Competition 2026: 1 trims
    X6 M60i xDrive 2026: 1 trims
    X6 xDrive40i 2026: 1 trims
    X7 M60i xDrive 2026: 1 trims
    X7 xDrive40i 2026: 1 trims
    XM Label 2026: 1 trims
    Z4 M40i 2026: 2 trims
    Z4 sDrive30i 2026: 1 trims
Mercedes-Benz 2015: 27 models
    B-Class Electric Drive 2015: 1 trims
Mercedes-Benz 2016: 32 models
    AMG GT S 2016: 1 trims
    Metris (Cargo Van) 2016: 1 trims
    Metris (Passenger Van) 2016: 1 trims
Mercedes-Benz 2017: 31 models
    AMG GT 2017: 1 trims
    AMG GT S 2017: 1 trims
    Metris (Cargo Van) 2017: 1 trims
    Metris (Passenger Van) 2017: 1 trims
Mercedes-Benz 2018: 31 models
    AMG GT C Coupe 2018: 1 trims
    AMG GT C Roadster 2018: 1 trims
    AMG GT Coupe 2018: 1 trims
    AMG GT R Coupe 2018: 1 trims
    AMG GT Roadster 2018: 1 trims
    AMG GT S Coupe 2018: 1 trims
    Metris (Cargo Van) 2018: 1 trims
    Metris (Cargo Van, LWB) 2018: 1 trims
    Metris (Passenger Van) 2018: 1 trims
Mercedes-Benz 2019: 32 models
    AMG GT 53 4matic Plus 2019: 1 trims
    AMG GT 63 4matic Plus 2019: 1 trims
    AMG GT 63 S 4matic Plus 2019: 1 trims
    AMG GT C Coupe 2019: 1 trims
    AMG GT C Roadster 2019: 1 trims
    AMG GT Coupe 2019: 1 trims
    AMG GT R Coupe 2019: 1 trims
    AMG GT Roadster 2019: 1 trims
    AMG GT S Coupe 2019: 1 trims
    Metris (Cargo Van) 2019: 1 trims
    Metris (Cargo Van, LWB) 2019: 1 trims
    Metris (Passenger Van) 2019: 1 trims
Mercedes-Benz 2020: 32 models
    AMG GT 53 4matic Plus 2020: 1 trims
    AMG GT 63 4matic Plus 2020: 1 trims
    AMG GT 63 S 4matic Plus 2020: 1 trims
    AMG GT C Coupe 2020: 1 trims
    AMG GT C Roadster 2020: 1 trims
    AMG GT Coupe 2020: 1 trims
    AMG GT R Coupe 2020: 1 trims
    AMG GT R Roadster 2020: 1 trims
    AMG GT Roadster 2020: 1 trims
    Metris (Cargo Van) 2020: 2 trims
    Metris (Cargo Van, LWB) 2020: 2 trims
    Metris (Passenger Van) 2020: 2 trims
Mercedes-Benz 2021: 30 models
    AMG GT 43 4matic Plus 2021: 1 trims
    AMG GT 53 4matic Plus 2021: 1 trims
    AMG GT 63 4matic Plus 2021: 1 trims
    AMG GT 63 S 4matic Plus 2021: 1 trims
    AMG GT Black Series 2021: 1 trims
    AMG GT C Coupe 2021: 1 trims
    AMG GT C Roadster 2021: 1 trims
    AMG GT Coupe 2021: 1 trims
    AMG GT R Coupe 2021: 1 trims
    AMG GT Roadster 2021: 1 trims
    Metris (Cargo Van) 2021: 1 trims
    Metris (Cargo Van, LWB) 2021: 1 trims
    Metris (Passenger Van) 2021: 1 trims
Mercedes-Benz 2022: 32 models
    AMG GT 43 4matic Plus 2022: 1 trims
    AMG GT 53 4matic Plus 2022: 1 trims
    Metris (Cargo Van) 2022: 1 trims
    Metris (Cargo Van, LWB) 2022: 1 trims
    Metris (Passenger Van) 2022: 1 trims
    Metris (US Postal Long) 2022: 1 trims
    Metris (US Postal) 2022: 1 trims
Mercedes-Benz 2023: 32 models
    AMG GT 43 4matic Plus 2023: 1 trims
    AMG GT 53 4matic Plus 2023: 1 trims
    AMG GT 63 4matic Plus 2023: 1 trims
    AMG GT 63 S 4matic Plus 2023: 1 trims
    Metris (Cargo Van) 2023: 1 trims
    Metris (Cargo Van, LWB) 2023: 1 trims
    Metris (Passenger Van) 2023: 1 trims
    Metris (US Postal Long) 2023: 1 trims
    Metris (US Postal) 2023: 1 trims
Mercedes-Benz 2024: 33 models
    AMG GT 43 4matic Plus 2024: 1 trims
    AMG GT 53 4matic Plus 2024: 1 trims
    AMG GT 55 4matic Plus (coupe) 2024: 1 trims
    AMG GT 63 4matic Plus 2024: 1 trims
    AMG GT 63 4matic Plus (coupe) 2024: 1 trims
    CLE300 4matic (Convertible) 2024: 1 trims
    CLE300 4matic (Coupe) 2024: 1 trims
    CLE450 4matic (Convertible) 2024: 1 trims
    CLE450 4matic (Coupe) 2024: 1 trims
Mercedes-Benz 2025: 33 models
    AMG GT 43 (coupe) 2025: 1 trims
    AMG GT 43 4matic Plus 2025: 1 trims
    AMG GT 53 4matic Plus 2025: 1 trims
    AMG GT 55 4matic Plus (coupe) 2025: 1 trims
    AMG GT 63 4matic Plus 2025: 1 trims
    AMG GT 63 4matic Plus (coupe) 2025: 1 trims
    AMG GT 63 PRO 4matic Plus (coupe) 2025: 1 trims
    AMG GT 63 S E Performance 2025: 1 trims
    AMG GT 63 S E Performance (coupe) 2025: 1 trims
    CLE300 4matic (Convertible) 2025: 1 trims
    CLE300 4matic (Coupe) 2025: 1 trims
    CLE450 4matic (Convertible) 2025: 1 trims
    CLE450 4matic (Coupe) 2025: 1 trims
Mercedes-Benz 2026: 32 models
    AMG GT 43 (coupe) 2026: 1 trims
    AMG GT 43 4matic Plus 2026: 1 trims
    AMG GT 53 4matic Plus 2026: 1 trims
    AMG GT 55 4matic Plus (coupe) 2026: 1 trims
    AMG GT 63 4matic Plus 2026: 1 trims
    AMG GT 63 4matic Plus (coupe) 2026: 1 trims
    AMG GT 63 PRO 4matic Plus (coupe) 2026: 1 trims
    CLE300 4matic (Convertible) 2026: 1 trims
    CLE300 4matic (Coupe) 2026: 1 trims
    CLE450 4matic (Convertible) 2026: 1 trims
    CLE450 4matic (Coupe) 2026: 1 trims
Audi 2015: 22 models
    A3 2015: 2 trims
    A3 Cabriolet 2015: 1 trims
    A3 Cabriolet quattro 2015: 1 trims
    A3 quattro 2015: 1 trims
    A4 2015: 1 trims
    A4 quattro 2015: 2 trims
    A5 Cabriolet quattro 2015: 1 trims
    A5 quattro 2015: 2 trims
    A6 2015: 1 trims
    A6 quattro 2015: 3 trims
    A7 quattro 2015: 2 trims
    A8 2015: 2 trims
    A8 L 2015: 4 trims
    Q3 2015: 1 trims
    Q3 quattro 2015: 1 trims
    Q5 2015: 3 trims
    Q5 Hybrid 2015: 1 trims
    Q7 2015: 2 trims
    R8 2015: 4 trims
    R8 Spyder 2015: 4 trims
    RS 5 2015: 1 trims
    RS 5 Cabriolet 2015: 1 trims
    RS 7 2015: 1 trims
    S3 2015: 1 trims
    S4 2015: 2 trims
    S5 2015: 2 trims
    S5 Cabriolet 2015: 1 trims
    S6 2015: 1 trims
    S7 2015: 1 trims
    S8 2015: 1 trims
    SQ5 2015: 1 trims
    TT Coupe quattro 2015: 1 trims
    TT Roadster quattro 2015: 1 trims
Audi 2016: 20 models
    A3 2016: 1 trims
    A3 Cabriolet 2016: 1 trims
    A3 Cabriolet quattro 2016: 1 trims
    A3 e-tron 2016: 1 trims
    A3 e-tron ultra 2016: 1 trims
    A3 quattro 2016: 1 trims
    A4 2016: 1 trims
    A4 quattro 2016: 2 trims
    A5 Cabriolet quattro 2016: 1 trims
    A5 quattro 2016: 2 trims
    A6 2016: 1 trims
    A6 quattro 2016: 3 trims
    A7 quattro 2016: 2 trims
    A8 L 2016: 4 trims
    Q3 2016: 1 trims
    Q3 quattro 2016: 1 trims
    Q5 2016: 3 trims
    Q5 Hybrid 2016: 1 trims
    RS 7 2016: 1 trims
    S3 2016: 1 trims
    S4 2016: 2 trims
    S5 2016: 2 trims
    S5 Cabriolet 2016: 1 trims
    S6 2016: 1 trims
    S7 2016: 1 trims
    S8 2016: 1 trims
    SQ5 2016: 1 trims
    TT Coupe quattro 2016: 1 trims
    TT Roadster quattro 2016: 1 trims
    TTS Coupe 2016: 1 trims
Audi 2017: 21 models
    A3 2017: 1 trims
    A3 Cabriolet 2017: 1 trims
    A3 Cabriolet quattro 2017: 1 trims
    A3 e-tron 2017: 1 trims
    A3 quattro 2017: 1 trims
    A4 2017: 1 trims
    A4 allroad quattro 2017: 1 trims
    A4 quattro 2017: 2 trims
    A4 Ultra 2017: 1 trims
    A5 Cabriolet quattro 2017: 1 trims
    A5 quattro 2017: 2 trims
    A6 2017: 1 trims
    A6 quattro 2017: 2 trims
    A7 quattro 2017: 1 trims
    A8 L 2017: 2 trims
    Q3 2017: 1 trims
    Q3 quattro 2017: 1 trims
    Q5 2017: 2 trims
    Q7 2017: 2 trims
    R8 2017: 1 trims
    R8 Spyder 2017: 1 trims
    RS 3 2017: 1 trims
    RS 7 2017: 1 trims
    S3 2017: 1 trims
    S5 2017: 2 trims
    S5 Cabriolet 2017: 1 trims
    S6 2017: 1 trims
    S7 2017: 1 trims
    S8 2017: 1 trims
    SQ5 2017: 1 trims
    TT Coupe quattro 2017: 1 trims
    TT Roadster quattro 2017: 1 trims
    TTS Coupe 2017: 1 trims
Audi 2018: 24 models
    A3 2018: 1 trims
    A3 Cabriolet 2018: 1 trims
    A3 Cabriolet quattro 2018: 1 trims
    A3 e-tron 2018: 1 trims
    A3 quattro 2018: 1 trims
    A4 quattro 2018: 2 trims
    A4 Ultra 2018: 1 trims
    A5 Cabriolet quattro 2018: 1 trims
    A5 quattro 2018: 2 trims
    A5 Sportback quattro 2018: 1 trims
    A6 2018: 1 trims
    A6 quattro 2018: 2 trims
    A7 quattro 2018: 1 trims
    A8 L 2018: 2 trims
    Q3 2018: 1 trims
    Q3 quattro 2018: 1 trims
    Q5 2018: 1 trims
    Q7 2018: 2 trims
    R8 AWD 2018: 1 trims
    R8 RWD 2018: 1 trims
    R8 Spyder AWD 2018: 1 trims
    R8 Spyder RWD 2018: 1 trims
    RS 3 2018: 1 trims
    RS 5 2018: 1 trims
    RS 7 2018: 1 trims
    S3 2018: 1 trims
    S4 2018: 1 trims
    S5 2018: 1 trims
    S5 Cabriolet 2018: 1 trims
    S5 Sportback 2018: 1 trims
    S6 2018: 1 trims
    S7 2018: 1 trims
    S8 2018: 1 trims
    SQ5 2018: 1 trims
    TT Coupe quattro 2018: 1 trims
    TT Roadster quattro 2018: 1 trims
    TT RS 2018: 1 trims
    TTS Coupe 2018: 1 trims
Audi 2019: 21 models
    A3 2019: 1 trims
    A3 Cabriolet 2019: 1 trims
    A3 Cabriolet quattro 2019: 1 trims
    A3 quattro 2019: 1 trims
    A4 2019: 1 trims
    A4 allroad quattro 2019: 1 trims
    A4 quattro 2019: 1 trims
    A5 Cabriolet quattro 2019: 1 trims
    A5 quattro 2019: 1 trims
    A5 Sportback quattro 2019: 1 trims
    A6 quattro 2019: 2 trims
    A7 quattro 2019: 1 trims
    A8 L 2019: 2 trims
    e-tron 2019: 1 trims
    Q3 quattro 2019: 1 trims
    Q5 2019: 1 trims
    Q7 2019: 2 trims
    Q8 2019: 1 trims
    RS 3 2019: 1 trims
    RS 5 2019: 1 trims
    RS 5 Sportback 2019: 1 trims
    S3 2019: 1 trims
    S4 2019: 1 trims
    S5 2019: 1 trims
    S5 Cabriolet 2019: 1 trims
    S5 Sportback 2019: 1 trims
    SQ5 2019: 1 trims
    TT Coupe quattro 2019: 1 trims
    TT Roadster quattro 2019: 1 trims
    TT RS 2019: 1 trims
    TTS Coupe 2019: 1 trims
Audi 2020: 30 models
    A3 2020: 1 trims
    A3 Cabriolet quattro 2020: 1 trims
    A3 quattro 2020: 1 trims
    A4 2020: 1 trims
    A4 allroad quattro 2020: 1 trims
    A4 quattro 2020: 1 trims
    A5 Cabriolet quattro 2020: 1 trims
    A5 quattro 2020: 1 trims
    A5 Sportback quattro 2020: 1 trims
    A6 Allroad 2020: 1 trims
    A6 quattro 2020: 2 trims
    A7 quattro 2020: 1 trims
    A8 L 2020: 3 trims
    e-tron Sportback 2020: 1 trims
    Q3 quattro 2020: 1 trims
    Q5 2020: 2 trims
    Q7 2020: 2 trims
    Q8 2020: 1 trims
    R8 AWD 2020: 1 trims
    R8 Spyder AWD 2020: 1 trims
    RS Q8 2020: 1 trims
    S3 2020: 1 trims
    S4 2020: 1 trims
    S5 2020: 1 trims
    S5 Cabriolet 2020: 1 trims
    S5 Sportback 2020: 1 trims
    S6 2020: 1 trims
    S7 2020: 1 trims
    S8 2020: 1 trims
    SQ5 2020: 1 trims
    SQ7 2020: 1 trims
    SQ8 2020: 1 trims
    TT Coupe quattro 2020: 1 trims
    TT Roadster quattro 2020: 1 trims
    TT RS 2020: 1 trims
    TTS Coupe 2020: 1 trims
Audi 2021: 32 models
    A4 allroad quattro 2021: 1 trims
    A4 quattro 2021: 1 trims
    A4 S line quattro 2021: 1 trims
    A5 Cabriolet quattro 2021: 1 trims
    A5 quattro 2021: 1 trims
    A5 Sportback quattro 2021: 1 trims
    A5 Sportback S line quattro 2021: 1 trims
    A6 Allroad 2021: 1 trims
    A6 quattro 2021: 2 trims
    A7 quattro 2021: 2 trims
    A8 L 2021: 3 trims
    e-tron 2021: 1 trims
    e-tron Sportback 2021: 1 trims
    Q3 quattro 2021: 1 trims
    Q3 S-line quattro 2021: 1 trims
    Q5 2021: 2 trims
    Q5 Sportback 2021: 1 trims
    Q7 2021: 2 trims
    Q8 2021: 1 trims
    R8 2021: 1 trims
    R8 2WD 2021: 1 trims
    R8 Spyder 2021: 1 trims
    R8 Spyder 2WD 2021: 1 trims
    RS 5 2021: 1 trims
    RS 5 Sportback 2021: 1 trims
    RS 6 Avant 2021: 1 trims
    RS 7 2021: 1 trims
    RS Q8 2021: 1 trims
    S4 2021: 1 trims
    S5 2021: 1 trims
    S5 Cabriolet 2021: 1 trims
    S5 Sportback 2021: 1 trims
    S6 2021: 1 trims
    S7 2021: 1 trims
    S8 2021: 1 trims
    SQ5 2021: 1 trims
    SQ5 Sportback 2021: 1 trims
    SQ7 2021: 1 trims
    SQ8 2021: 1 trims
    TT Coupe quattro 2021: 1 trims
    TT Roadster quattro 2021: 1 trims
    TT RS 2021: 1 trims
    TTS Coupe 2021: 1 trims
Audi 2022: 36 models
    A3 2022: 1 trims
    A3 quattro 2022: 1 trims
    A4 allroad quattro 2022: 1 trims
    A4 quattro 2022: 1 trims
    A4 S line quattro 2022: 1 trims
    A5 Cabriolet quattro 2022: 1 trims
    A5 Coupe quattro 2022: 1 trims
    A5 Sportback quattro 2022: 1 trims
    A5 Sportback S line quattro 2022: 1 trims
    A6 Allroad quattro 2022: 1 trims
    A6 quattro 2022: 2 trims
    A7 quattro 2022: 1 trims
    A7 TFSI e quattro 2022: 1 trims
    A8 L quattro 2022: 1 trims
    e-tron GT 2022: 1 trims
    e-tron quattro 2022: 1 trims
    e-tron S (20in wheels) 2022: 1 trims
    e-tron S (21/22 inch wheels) 2022: 1 trims
    e-tron S Sportback (20 inch wheels) 2022: 1 trims
    e-tron S Sportback (21/22 inch wheels) 2022: 1 trims
    e-tron Sportback quattro 2022: 1 trims
    Q3 quattro 2022: 1 trims
    Q3 S line quattro 2022: 1 trims
    Q4 e-tron quattro 2022: 1 trims
    Q4 e-tron Sportback quattro 2022: 1 trims
    Q5 quattro 2022: 1 trims
    Q5 S line quattro 2022: 1 trims
    Q5 Sportback S line quattro 2022: 1 trims
    Q5 TFSI e quattro 2022: 1 trims
    Q7 quattro 2022: 2 trims
    Q8 quattro 2022: 1 trims
    R8 Coupe 2022: 1 trims
    R8 Coupe RWD 2022: 1 trims
    R8 Spyder 2022: 1 trims
    R8 Spyder RWD 2022: 1 trims
    RS 3 2022: 1 trims
    RS 5 Coupe 2022: 1 trims
    RS 5 Sportback 2022: 1 trims
    RS 6 Avant 2022: 1 trims
    RS 7 2022: 1 trims
    RS e-tron GT 2022: 1 trims
    RS Q8 2022: 1 trims
    S3 2022: 1 trims
    S4 2022: 1 trims
    S5 Cabriolet 2022: 1 trims
    S5 Coupe 2022: 1 trims
    S5 Sportback 2022: 1 trims
    S6 2022: 1 trims
    S7 2022: 1 trims
    S8 2022: 1 trims
    SQ5 2022: 1 trims
    SQ5 Sportback 2022: 1 trims
    SQ7 2022: 1 trims
    SQ8 2022: 1 trims
    TT Coupe quattro 2022: 1 trims
    TT Roadster quattro 2022: 1 trims
    TT RS Coupe 2022: 1 trims
    TTS Coupe quattro 2022: 1 trims
Audi 2023: 34 models
    A3 2023: 1 trims
    A3 quattro 2023: 1 trims
    A4 allroad quattro 2023: 1 trims
    A4 quattro 2023: 1 trims
    A4 S-Line quattro 2023: 1 trims
    A5 Cabriolet quattro 2023: 1 trims
    A5 Coupe quattro 2023: 1 trims
    A5 Sportback quattro 2023: 1 trims
    A5 Sportback S-Line quattro 2023: 1 trims
    A6 Allroad 2023: 1 trims
    A6 quattro 2023: 2 trims
    A7 2023: 1 trims
    A8 L 2023: 1 trims
    e-tron GT 2023: 1 trims
    e-tron quattro 2023: 1 trims
    e-tron S (20 inch wheels) 2023: 1 trims
    e-tron S (21/22 inch wheels) 2023: 1 trims
    e-tron S Sportback (20 inch wheels) 2023: 1 trims
    e-tron S Sportback (21/22 inch wheels) 2023: 1 trims
    e-tron Sportback quattro 2023: 1 trims
    Q3 2023: 1 trims
    Q3 S-Line 2023: 1 trims
    Q4 e-tron 2023: 1 trims
    Q4 e-tron quattro 2023: 1 trims
    Q4 e-tron Sportback 2023: 1 trims
    Q5 quattro 2023: 1 trims
    Q5 S-Line quattro 2023: 1 trims
    Q5 Sportback S-line quattro 2023: 1 trims
    Q5 TFSI e quattro 2023: 1 trims
    Q7 2023: 2 trims
    Q8 2023: 1 trims
    R8 Coupe quattro 2023: 1 trims
    R8 Coupe RWD 2023: 1 trims
    R8 GT RWD 2023: 1 trims
    R8 Spyder quattro 2023: 1 trims
    R8 Spyder RWD 2023: 1 trims
    RS 5 Coupe 2023: 1 trims
    RS 5 Sportback 2023: 1 trims
    RS 6 Avant 2023: 1 trims
    RS 7 2023: 1 trims
    RS e-tron GT 2023: 1 trims
    RS Q8 2023: 1 trims
    S3 2023: 1 trims
    S4 2023: 1 trims
    S5 Cabriolet 2023: 1 trims
    S5 Coupe 2023: 1 trims
    S5 Sportback 2023: 1 trims
    S6 2023: 1 trims
    S7 2023: 1 trims
    S8 2023: 1 trims
    SQ5 2023: 1 trims
    SQ5 Sportback 2023: 1 trims
    SQ7 2023: 1 trims
    SQ8 2023: 1 trims
    TT Coupe 2023: 1 trims
    TT Roadster 2023: 1 trims
    TTS Coupe 2023: 1 trims
Audi 2024: 30 models
    A3 2024: 1 trims
    A3 quattro 2024: 1 trims
    A4 allroad quattro 2024: 1 trims
    A4 quattro 2024: 1 trims
    A4 S line quattro 2024: 1 trims
    A5 Cabriolet quattro 2024: 1 trims
    A5 Coupe quattro 2024: 1 trims
    A5 Sportback quattro 2024: 1 trims
    A5 Sportback S line quattro 2024: 1 trims
    A6 Allroad quattro 2024: 1 trims
    A6 quattro 2024: 2 trims
    A7 quattro 2024: 1 trims
    e-tron GT 2024: 1 trims
    Q3 quattro 2024: 1 trims
    Q3 S line quattro 2024: 1 trims
    Q4 40 e-tron 2024: 1 trims
    Q4 50 e-tron quattro 2024: 1 trims
    Q4 55 e-tron quattro 2024: 1 trims
    Q4 Sportback 50 e-tron quattro 2024: 1 trims
    Q4 Sportback 55 e-tron quattro 2024: 1 trims
    Q5 quattro 2024: 1 trims
    Q5 S line quattro 2024: 1 trims
    Q5 Sportback S line quattro 2024: 1 trims
    Q7 quattro 2024: 2 trims
    Q8 e-tron quattro 2024: 1 trims
    Q8 quattro 2024: 1 trims
    Q8 Sportback e-tron quattro 2024: 1 trims
    Q8 Sportback e-tron ultra quattro 2024: 1 trims
    RS 3 2024: 1 trims
    RS 5 Coupe 2024: 1 trims
    RS 5 Sportback 2024: 1 trims
    RS 6 Avant 2024: 1 trims
    RS 7 2024: 1 trims
    RS e-tron GT 2024: 1 trims
    RS Q8 2024: 1 trims
    S3 2024: 1 trims
    S4 2024: 1 trims
    S5 Cabriolet 2024: 1 trims
    S5 Coupe 2024: 1 trims
    S5 Sportback 2024: 1 trims
    S6 2024: 1 trims
    S7 2024: 1 trims
    S8 2024: 1 trims
    SQ5 2024: 1 trims
    SQ5 Sportback 2024: 1 trims
    SQ7 2024: 1 trims
    SQ8 2024: 1 trims
    SQ8 e-tron (20 inch wheels) 2024: 1 trims
    SQ8 e-tron (21/22 inch wheels) 2024: 1 trims
    SQ8 Sportback e-tron (20 inch wheels) 2024: 1 trims
    SQ8 Sportback e-tron (21/22 inch wheels) 2024: 1 trims
Audi 2025: 33 models
    A3 quattro 2025: 1 trims
    A4 allroad quattro 2025: 1 trims
    A4 quattro 2025: 1 trims
    A4 S line quattro 2025: 1 trims
    A5 quattro 2025: 1 trims
    A5 Sportback quattro 2025: 1 trims
    A5 Sportback S line quattro 2025: 1 trims
    A6 Allroad quattro 2025: 1 trims
    A6 quattro 2025: 2 trims
    A7 quattro 2025: 1 trims
    Q3 2025: 1 trims
    Q3 S-Line quattro 2025: 1 trims
    Q4 45 e-tron 2025: 1 trims
    Q4 55 e-tron quattro 2025: 1 trims
    Q4 Sportback 55 e-tron quattro 2025: 1 trims
    Q5 Plug-In Hybrid quattro 2025: 1 trims
    Q5 quattro 2025: 1 trims
    Q5 S line quattro 2025: 1 trims
    Q5 Sportback S line quattro 2025: 1 trims
    Q5 Sportback TFSI quattro 2025: 1 trims
    Q5 TFSI quattro 2025: 1 trims
    Q6 e-tron (19 inch wheels) 2025: 1 trims
    Q6 e-tron (20 inch wheels) 2025: 1 trims
    Q6 e-tron quattro (19 inch wheels) 2025: 1 trims
    Q6 e-tron quattro (20 inch wheels) 2025: 1 trims
    Q6 e-tron ultra 2025: 1 trims
    Q6 Sportback e-tron quattro (19 inch wheels) 2025: 1 trims
    Q6 Sportback e-tron quattro (20 inch wheels) 2025: 1 trims
    Q7 2025: 2 trims
    Q8 e-tron quattro (20 inch wheels) 2025: 1 trims
    Q8 e-tron quattro (21 inch wheels) 2025: 1 trims
    Q8 quattro 2025: 1 trims
    Q8 Sportback e-tron quattro (20 inch wheels) 2025: 1 trims
    Q8 Sportback e-tron quattro (21 inch wheels) 2025: 1 trims
    RS 3 2025: 1 trims
    RS 5 Sportback 2025: 1 trims
    RS 6 Avant 2025: 1 trims
    RS 7 2025: 1 trims
    RS e-tron GT Performance 2025: 1 trims
    RS Q8 Performance 2025: 1 trims
    S e-tron GT (20 inch wheels) 2025: 1 trims
    S e-tron GT (21 inch wheels) 2025: 1 trims
    S3 2025: 1 trims
    S4 2025: 1 trims
    S5 2025: 1 trims
    S5 Sportback 2025: 1 trims
    S6 2025: 1 trims
    S7 2025: 1 trims
    S8 2025: 1 trims
    SQ5 2025: 2 trims
    SQ5 Sportback 2025: 2 trims
    SQ6 e-tron 2025: 1 trims
    SQ6 Sportback e-tron 2025: 1 trims
    SQ7 2025: 1 trims
    SQ8 2025: 1 trims
    SQ8 e-tron (20 inch wheels) 2025: 1 trims
    SQ8 e-tron (21/22 inch wheels) 2025: 1 trims
    SQ8 Sportback e-tron (20 inch wheels) 2025: 1 trims
    SQ8 Sportback e-tron (21/22 inch wheels) 2025: 1 trims
Audi 2026: 28 models
    A3 quattro 2026: 1 trims
    A5 quattro 2026: 1 trims
    A6 Allroad quattro 2026: 1 trims
    A6 Sedan 2026: 1 trims
    Q3 2026: 1 trims
    Q4 45 e-tron 2026: 1 trims
    Q4 55 e-tron quattro 2026: 1 trims
    Q4 Sportback 55 e-tron quattro 2026: 1 trims
    Q5 Sportback TFSI quattro 2026: 1 trims
    Q5 TFSI quattro 2026: 1 trims
    Q7 2026: 1 trims
    Q7 quattro 2026: 1 trims
    Q8 quattro 2026: 1 trims
    RS 3 2026: 1 trims
    RS 6 Avant 2026: 1 trims
    RS 7 2026: 1 trims
    RS e-tron GT Performance 2026: 1 trims
    RS Q8 Performance 2026: 1 trims
    S e-tron GT (20 inch wheels) 2026: 1 trims
    S e-tron GT (21 inch wheels) 2026: 1 trims
    S3 2026: 1 trims
    S5 Sport Sedan 2026: 1 trims
    S8 2026: 1 trims
    SQ5 2026: 1 trims
    SQ5 Sportback 2026: 1 trims
    SQ7 2026: 1 trims
    SQ8 2026: 1 trims
Tesla 2015: 1 models
    Model S (60 kW-hr battery pack) 2015: 1 trims
    Model S (85 kW-hr battery pack) 2015: 1 trims
    Model S (90 kW-hr battery pack) 2015: 1 trims
    Model S AWD - 70D 2015: 1 trims
    Model S AWD - 85D 2015: 1 trims
    Model S AWD - 90D 2015: 1 trims
    Model S AWD - P85D 2015: 1 trims
    Model S AWD - P90D 2015: 1 trims
Tesla 2016: 2 models
    Model S (60 kW-hr battery pack) 2016: 1 trims
    Model S (70 kW-hr battery pack) 2016: 1 trims
    Model S (75 kW-hr battery pack) 2016: 1 trims
    Model S (85 kW-hr battery pack) 2016: 1 trims
    Model S (90 kW-hr battery pack) 2016: 1 trims
    Model S AWD - 60D 2016: 1 trims
    Model S AWD - 70D 2016: 1 trims
    Model S AWD - 75D 2016: 1 trims
    Model S AWD - 85D 2016: 1 trims
    Model S AWD - 90D 2016: 1 trims
    Model S AWD - P100D 2016: 1 trims
    Model S AWD - P85D 2016: 1 trims
    Model S AWD - P90D 2016: 1 trims
    Model X AWD - 60D 2016: 1 trims
    Model X AWD - 75D 2016: 1 trims
    Model X AWD - 90D 2016: 1 trims
    Model X AWD - P100D 2016: 1 trims
    Model X AWD - P90D 2016: 1 trims
Tesla 2017: 3 models
    Model 3 Long Range 2017: 1 trims
    Model S (60 kW-hr battery pack) 2017: 1 trims
    Model S (75 kW-hr battery pack) 2017: 1 trims
    Model S AWD - 100D 2017: 1 trims
    Model S AWD - 60D 2017: 1 trims
    Model S AWD - 75D 2017: 1 trims
    Model S AWD - 90D 2017: 1 trims
    Model S AWD - P100D 2017: 1 trims
    Model S AWD - P90D 2017: 1 trims
    Model X AWD - 100D 2017: 1 trims
    Model X AWD - 60D 2017: 1 trims
    Model X AWD - 75D 2017: 1 trims
    Model X AWD - 90D 2017: 1 trims
    Model X AWD - P100D 2017: 1 trims
    Model X AWD - P90D 2017: 1 trims
Tesla 2018: 3 models
    Model 3 Long Range 2018: 1 trims
    Model 3 Long Range  AWD 2018: 1 trims
    Model 3 Long Range  AWD Performance 2018: 1 trims
    Model 3 Mid Range 2018: 1 trims
    Model S 100D 2018: 1 trims
    Model S 75D 2018: 1 trims
    Model S 75kWh 2018: 1 trims
    Model S P100D 2018: 1 trims
    Model X 100D 2018: 1 trims
    Model X 75D 2018: 1 trims
    Model X P100D 2018: 1 trims
Tesla 2019: 3 models
    Model 3 Long Range 2019: 1 trims
    Model 3 Long Range AWD 2019: 1 trims
    Model 3 Long Range AWD Performance 2019: 1 trims
    Model 3 Mid Range 2019: 1 trims
    Model 3 Standard Range 2019: 1 trims
    Model 3 Standard Range Plus 2019: 1 trims
    Model S 100D 2019: 1 trims
    Model S 75D 2019: 1 trims
    Model S Long Range 2019: 1 trims
    Model S P100D 2019: 1 trims
    Model S Performance (19in Wheels) 2019: 1 trims
    Model S Performance (21in Wheels) 2019: 1 trims
    Model S Standard Range 2019: 1 trims
    Model X 100D 2019: 1 trims
    Model X 75D 2019: 1 trims
    Model X Long Range 2019: 1 trims
    Model X P100D 2019: 1 trims
    Model X Performance (22in Wheels) 2019: 1 trims
Tesla 2020: 4 models
    Model 3 Long Range 2020: 1 trims
    Model 3 Long Range AWD 2020: 1 trims
    Model 3 Long Range Performance AWD (18in) 2020: 1 trims
    Model 3 Long Range Performance AWD (19in) 2020: 1 trims
    Model 3 Long Range Performance AWD (20in) 2020: 1 trims
    Model 3 Mid Range 2020: 1 trims
    Model 3 Standard Range 2020: 1 trims
    Model 3 Standard Range Plus 2020: 1 trims
    Model S Long Range 2020: 1 trims
    Model S Long Range Plus 2020: 1 trims
    Model S Performance (19in Wheels) 2020: 1 trims
    Model S Performance (21in Wheels) 2020: 1 trims
    Model S Standard Range 2020: 1 trims
    Model X Long Range 2020: 1 trims
    Model X Long Range Plus 2020: 1 trims
    Model X Performance (20in Wheels) 2020: 1 trims
    Model X Performance (22in Wheels) 2020: 1 trims
    Model X Standard Range 2020: 1 trims
    Model Y Long Range AWD 2020: 1 trims
    Model Y Performance AWD 2020: 1 trims
    Model Y Performance AWD (21in Wheels) 2020: 1 trims
Tesla 2021: 4 models
    Model 3 Long Range AWD 2021: 1 trims
    Model 3 Performance AWD 2021: 1 trims
    Model 3 Standard Range Plus RWD 2021: 1 trims
    Model S Long Range 2021: 1 trims
    Model S Performance (19in Wheels) 2021: 1 trims
    Model S Performance (21in Wheels) 2021: 1 trims
    Model S Plaid (21inch wheels) 2021: 1 trims
    Model X Long Range Plus 2021: 1 trims
    Model X Performance (20in Wheels) 2021: 1 trims
    Model X Performance (22in Wheels) 2021: 1 trims
    Model Y Long Range AWD 2021: 1 trims
    Model Y Performance AWD 2021: 1 trims
    Model Y Standard Range RWD 2021: 1 trims
Tesla 2022: 4 models
    Model 3 Long Range AWD 2022: 1 trims
    Model 3 Performance AWD 2022: 1 trims
    Model 3 RWD 2022: 1 trims
    Model S 2022: 1 trims
    Model S Plaid (19 inch wheels) 2022: 1 trims
    Model S Plaid (21 inch wheels) 2022: 1 trims
    Model X 2022: 1 trims
    Model X Plaid (20 inch wheels) 2022: 1 trims
    Model X Plaid (22 inch wheels) 2022: 1 trims
    Model Y AWD 2022: 1 trims
    Model Y Long Range AWD 2022: 1 trims
    Model Y Performance AWD 2022: 1 trims
    Model Y RWD 2022: 1 trims
Tesla 2023: 5 models
    Model 3 Long Range AWD 2023: 1 trims
    Model 3 Performance AWD 2023: 1 trims
    Model 3 RWD 2023: 1 trims
    Model S 2023: 1 trims
    Model X 2023: 1 trims
    Model X Plaid (20 inch wheels) 2023: 1 trims
    Model X Plaid (22 inch wheels) 2023: 1 trims
    Model Y AWD 2023: 1 trims
    Model Y Long Range AWD 2023: 1 trims
    Model Y Performance AWD 2023: 1 trims
Tesla 2024: 6 models
    Model 3 Long Range AWD 2024: 1 trims
    Model 3 Long Range AWD-E 2024: 1 trims
    Model 3 Long Range RWD 2024: 1 trims
    Model 3 Performance AWD 2024: 1 trims
    Model 3 RWD 2024: 1 trims
    Model S 2024: 1 trims
    Model S Plaid (19in wheels) 2024: 1 trims
    Model S Plaid (21in wheels) 2024: 1 trims
    Model X 2024: 1 trims
    Model X Plaid (20in wheels) 2024: 1 trims
    Model X Plaid (22in wheels) 2024: 1 trims
    Model Y Long Range AWD 2024: 1 trims
    Model Y Long Range AWD-I 2024: 1 trims
    Model Y Long Range RWD 2024: 1 trims
    Model Y Performance AWD 2024: 1 trims
    Model Y RWD 2024: 1 trims
Tesla 2025: 6 models
    Cybertruck AWD 2025: 1 trims
    Cybertruck Long Range 2025: 1 trims
    Cybertruck Long Range (20in Cyber wheels) 2025: 1 trims
    Model 3 Long Range AWD 2025: 1 trims
    Model 3 Long Range RWD 2025: 1 trims
    Model 3 Long Range RWD-I (19in wheels) 2025: 1 trims
    Model 3 Performance AWD 2025: 1 trims
    Model S 2025: 1 trims
    Model S Plaid (19in wheels) 2025: 1 trims
    Model S Plaid (21in wheels) 2025: 1 trims
    Model X 2025: 1 trims
    Model X Plaid (20in wheels) 2025: 1 trims
    Model X Plaid (22in wheels) 2025: 1 trims
    Model Y Long Range AWD 2025: 1 trims
    Model Y Long Range RWD 2025: 1 trims
    Model Y Performance AWD 2025: 1 trims
Tesla 2026: 6 models
    Cybertruck AWD 2026: 1 trims
    Cybertruck Long Range (20in Cyber wheels) 2026: 1 trims
    Model 3 Performance 2026: 1 trims
    Model 3 Performance AWD 2026: 1 trims
    Model 3 Premium AWD 2026: 1 trims
    Model 3 Premium RWD 2026: 1 trims
    Model 3 Standard RWD 2026: 1 trims
    Model S 2026: 1 trims
    Model S Plaid 2026: 1 trims
    Model S Plaid (21in wheels) 2026: 1 trims
    Model X 2026: 1 trims
    Model X Plaid 2026: 1 trims
    Model Y Long Range AWD 2026: 1 trims
    Model Y Long Range RWD 2026: 1 trims
    Model Y Performance AWD 2026: 1 trims
    Model Y Standard AWD 2026: 1 trims
    Model Y Standard RWD (18in Wheels) 2026: 1 trims
    Model Y Standard RWD (19in Wheels) 2026: 1 trims
Mitsubishi 2015: 19 models
    Lancer 2015: 4 trims
    Lancer AWD 2015: 2 trims
    Lancer Evolution 2015: 2 trims
    Mirage 2015: 2 trims
    Outlander 2WD 2015: 1 trims
    Outlander 4WD 2015: 2 trims
    Outlander Sport 2WD 2015: 3 trims
    Outlander Sport 4WD 2015: 2 trims
Mitsubishi 2016: 18 models
    i-MiEV 2016: 1 trims
    Lancer 2016: 4 trims
    Lancer 4WD 2016: 1 trims
    Outlander 2WD 2016: 1 trims
    Outlander 4WD 2016: 2 trims
    Outlander Sport 2WD 2016: 3 trims
    Outlander Sport 4WD 2016: 2 trims
Mitsubishi 2017: 20 models
    i-MiEV 2017: 1 trims
    Lancer 2017: 2 trims
    Lancer 4WD 2017: 1 trims
    Mirage 2017: 2 trims
    Mirage G4 2017: 2 trims
    Outlander 2WD 2017: 1 trims
    Outlander 4WD 2017: 2 trims
    Outlander Sport 2WD 2017: 3 trims
    Outlander Sport 4WD 2017: 2 trims
Mitsubishi 2018: 19 models
    Eclipse Cross 2WD 2018: 1 trims
    Eclipse Cross 4WD 2018: 1 trims
    Eclipse Cross ES 2WD 2018: 1 trims
    Eclipse Cross ES 4WD 2018: 1 trims
    Mirage 2018: 2 trims
    Mirage G4 2018: 2 trims
    Outlander 2WD 2018: 1 trims
    Outlander 4WD 2018: 2 trims
    Outlander PHEV 2018: 1 trims
    Outlander Sport 2WD 2018: 3 trims
    Outlander Sport 4WD 2018: 2 trims
Mitsubishi 2019: 18 models
    Eclipse Cross 2WD 2019: 1 trims
    Eclipse Cross 4WD 2019: 1 trims
    Eclipse Cross ES 2WD 2019: 1 trims
    Eclipse Cross ES 4WD 2019: 1 trims
    Mirage 2019: 2 trims
    Mirage G4 2019: 2 trims
    Outlander 2WD 2019: 1 trims
    Outlander 4WD 2019: 2 trims
    Outlander PHEV 2019: 1 trims
    Outlander Sport 2WD 2019: 3 trims
    Outlander Sport 4WD 2019: 2 trims
Mitsubishi 2020: 18 models
    Eclipse Cross 2WD 2020: 1 trims
    Eclipse Cross 4WD 2020: 1 trims
    Eclipse Cross ES 2WD 2020: 1 trims
    Eclipse Cross ES 4WD 2020: 1 trims
    Mirage 2020: 2 trims
    Mirage G4 2020: 2 trims
    Outlander 2WD 2020: 1 trims
    Outlander 4WD 2020: 2 trims
    Outlander PHEV 2020: 1 trims
    Outlander Sport 2WD 2020: 2 trims
    Outlander Sport 4WD 2020: 2 trims
Mitsubishi 2021: 18 models
    Mirage 2021: 2 trims
    Mirage G4 2021: 2 trims
    Outlander PHEV 2021: 1 trims
    Outlander Sport 2WD 2021: 2 trims
    Outlander Sport 4WD 2021: 2 trims
Mitsubishi 2022: 18 models
    Eclipse Cross 2WD 2022: 1 trims
    Eclipse Cross 4WD 2022: 1 trims
    Eclipse Cross ES 2WD 2022: 1 trims
    Eclipse Cross ES 4WD 2022: 1 trims
    Mirage 2022: 2 trims
    Mirage G4 2022: 2 trims
    Outlander 2WD 2022: 1 trims
    Outlander 4WD 2022: 1 trims
    Outlander PHEV 2022: 1 trims
    Outlander Sport 2WD 2022: 2 trims
    Outlander Sport 4WD 2022: 2 trims
Mitsubishi 2023: 17 models
    Eclipse Cross 2WD 2023: 1 trims
    Eclipse Cross 4WD 2023: 1 trims
    Eclipse Cross ES 2WD 2023: 1 trims
    Eclipse Cross ES 4WD 2023: 1 trims
    Mirage 2023: 2 trims
    Mirage G4 2023: 2 trims
    Outlander 2WD 2023: 1 trims
    Outlander 4WD 2023: 1 trims
    Outlander PHEV 2023: 1 trims
    Outlander Sport 2WD 2023: 2 trims
    Outlander Sport 4WD 2023: 2 trims
Mitsubishi 2024: 17 models
    Eclipse Cross 2WD 2024: 1 trims
    Eclipse Cross 4WD 2024: 1 trims
    Eclipse Cross ES 4WD 2024: 1 trims
    Mirage 2024: 1 trims
    Mirage G4 2024: 1 trims
    Outlander 2WD 2024: 1 trims
    Outlander 4WD 2024: 1 trims
    Outlander PHEV 2024: 1 trims
    Outlander Sport 2WD 2024: 1 trims
    Outlander Sport 4WD 2024: 2 trims
Mitsubishi 2025: 17 models
    Eclipse Cross 2WD 2025: 1 trims
    Eclipse Cross 4WD 2025: 1 trims
    Eclipse Cross ES 4WD 2025: 1 trims
    Outlander 2WD 2025: 1 trims
    Outlander 4WD 2025: 1 trims
    Outlander PHEV 2025: 1 trims
    Outlander Sport 4WD 2025: 2 trims
Mitsubishi 2026: 17 models
    Eclipse Cross 4WD 2026: 1 trims
    Eclipse Cross ES 4WD 2026: 1 trims
    Outlander 2WD 2026: 1 trims
    Outlander 4WD 2026: 1 trims
    Outlander PHEV 2026: 1 trims
    Outlander Sport 4WD 2026: 2 trims

=== build complete in 7721.8s ===
cache: 101 hits, 18115 fetches (online)
        brands: 25
        models: 602
   model_years: 2845
         trims: 10363
       engines: 10464
 transmissions: 10464
